SID,NAME,SEASON,V0,alpha,Vb,R2_storm,RMSE_storm,n_points,duration_h,STORM_SPD_mean,h_point_mean,h_point_max,h_max_mean,h_max_max,h_mean_mean,h_mean_max,h_std_mean,h_std_max,RMW_landfall
1977194N06142,SARAH,1977,38,0.008695614177077466,59.99999999999999,0.5624779547674454,1.7103927212843273,13,36.0,13.461538461538462,118.3755369919997,454.7718200683594,1386.38624220628,2464.334716796875,121.49293521719551,233.93492137643463,170.70258862584626,329.6026971509891,
1977254N19147,DINAH,1977,60,0.09235161452191633,34.45860835871999,0.9468365350836917,1.6052885365337322,6,15.0,11.666666666666666,234.85540466308595,696.5519409179688,1833.631689453125,2561.523193359375,313.55158136175476,572.795598478229,342.58111135887225,536.5173018859903,
1977308N07156,KIM,1977,110,0.039422387768662324,6.873353902432814e-23,0.9773951874225251,2.3859580883811176,5,12.0,12.0,165.09407081604004,815.4558715820312,1308.4861808776855,2023.8634033203125,171.12013585062653,338.121977302896,203.36977194494278,347.5666100372916,
1978105N04149,OLIVE,1978,55,0.0010000000000000826,37.279586627005465,-0.09429770230312706,3.362698756028999,6,15.0,13.666666666666666,0.7642076015472412,2.5537328720092773,1168.8513285319011,2046.548095703125,65.32653975891952,116.5091582399254,131.81351776374893,243.85050399557937,
1978264N08147,LOLA,1978,48,0.9999999999999999,50.01263933193035,0.9975593213095533,0.031051871793901276,9,24.0,11.555555555555555,101.61152331034343,621.5706176757812,1709.7949083116318,2464.334716796875,107.31500908468837,146.3481578933133,168.43018214924007,206.0834233972233,
1978279N14142,NINA,1978,50,0.406956953462761,45.820942144678945,0.6235806448677209,1.19686455714182,6,15.0,7.833333333333333,78.14070892333983,304.2567749023437,1556.2950439453125,1601.646484375,197.8656026389334,289.9403831837134,240.54365963711615,258.8127585177197,
1978288N10185,RITA,1978,113,0.04312596672046368,5.64532731890493e-15,0.9968240728750302,0.9207852655651897,5,12.0,15.2,280.4888459444046,595.71875,1707.0619659423828,2250.858154296875,188.93927007337837,250.34830784533983,267.2967264524323,386.8899337772152,
1979098N02144,CECIL,1979,80,0.01074421483477637,5.679245020541141e-16,0.9948942648410785,0.30033534780466314,6,15.0,11.0,59.72722593943278,160.8966827392578,1143.8963063557942,2046.548095703125,83.42204241574058,141.41931716864875,149.25321780308843,212.613550165206,
1979254N10140,MAC,1979,60,0.011937620628196283,1.4807667307198752e-11,0.9270444511461294,2.069643628913106,17,48.0,6.588235294117647,74.52084241193883,392.8244323730469,1556.317569508272,2464.334716796875,130.38166823383605,289.24571162646424,182.53652618810125,379.01258002056255,
1979350N07153,BEN,1979,50,0.9999999999999999,44.86103007265744,0.11666314248081888,4.207382871178281,10,27.0,14.2,58.12929077148438,266.1425476074219,1432.374951171875,2578.5234375,129.78702089021834,397.9283961142723,193.8511643529738,455.2920660681488,
1980137N04158,FORREST,1980,53,0.999999999999982,49.92131377702156,0.9982311918579185,0.05947786381640689,3,6.0,13.0,0.0,0.0,937.4838663736979,1030.6390380859375,103.45457711840653,136.23615215409552,144.95972142157652,166.49852947981958,
1980197N07154,JOE,1980,88,0.30128305543339023,59.99999999999999,0.8720502194298834,3.403987680416862,5,12.0,16.0,187.60411071777344,428.2593383789063,1835.6239929199219,2830.263916015625,390.9173177261274,732.0842079678939,386.55631744201315,657.1622594823366,
1980201N08155,KIM,1980,115,0.05716779292566105,1.5081066111907348e-14,0.9666586398974643,4.723072222225464,7,18.0,11.142857142857142,300.46937370300293,1020.8087768554688,1815.2479044596355,2681.04931640625,320.73081070452054,599.6302351275009,321.42013703710523,510.9471724566528,
1980296N05165,BETTY,1980,113,0.08015551619652876,28.750827480931534,0.9674914322274369,4.4868735528319235,9,24.0,9.555555555555555,402.3936771816677,1348.4197998046875,2346.568060980903,2921.953857421875,524.4637420006633,935.5257781407556,450.54053326893995,654.9100422706207,
1981176N08150,KELLY,1981,35,0.2583172266935557,31.814426595931167,0.30050448450175915,1.8198005608271979,8,21.0,13.125,85.14249934256077,399.0411682128906,1644.4833679199219,2578.5234375,139.10595327857382,260.0636500413398,210.88909338027588,389.1315897768145,
1981178N05160,LYNN,1981,45,0.019809093781829448,1.6424911833159194e-19,0.9887175411006734,0.376440810454368,5,12.0,10.6,378.11420288085935,1300.7392578125,1949.0326538085938,2921.953857421875,319.2669875185162,461.1000996680098,356.1441087594215,558.5906948419872,
1981317N14153,HAZEN,1981,65,0.22511142128567263,54.60334428727807,0.981962234875294,0.45914744896928417,8,21.0,12.5,15.444522261619568,68.64030456542969,1824.3811950683594,2578.5234375,141.81140343898187,286.2099521983928,218.61526223369202,412.9475205354036,
1981319N07163,IRMA,1981,85,0.08913694186501182,39.00462984588186,0.9954823501549642,0.6453455238004144,4,9.0,15.0,280.2371463775635,886.0185546875,1676.698745727539,2921.953857421875,244.24165987587395,501.2158959763209,288.68577486359027,555.00895600045,
1981355N07149,LEE,1981,78,0.15666787641433047,56.66666666659325,1.0,4.47012142662451e-12,3,6.0,15.0,86.3076171875,258.9228515625,1593.6684163411458,1971.5523681640625,62.032600206679184,73.0794590869901,108.76260161745404,130.39967085837088,
1982073N07153,MAMIE,1982,58,0.025823409820706904,1.0941037846176993,0.9875321957386817,0.7200367077678415,6,15.0,17.666666666666668,308.53952407836914,822.9383544921875,1748.1427815755208,2912.283447265625,275.0473586230024,581.1374901139051,275.7181459359601,500.1711165571685,
1982077N04161,NELSON,1982,100,0.012779323545940077,8.770528616889915e-11,0.9802752936346502,1.526047005805793,11,30.0,7.909090909090909,128.49171915921298,633.5614624023438,1639.7219793146307,2390.2490234375,160.4805485643515,275.72522662347507,234.9200658809502,370.0124883720055,
1982190N09148,WINONA,1982,48,0.12425673971328871,32.83258612509345,0.8753297202190042,1.6621351930414283,5,12.0,13.0,223.98574295043946,784.7341918945312,1697.9029968261718,2250.858154296875,265.3754112756066,474.6630310787075,304.65589811731877,430.5517725476209,
1982248N14133,IRVING,1982,58,0.19732327938651753,49.77166934572255,0.9633415502737744,0.48394913176879883,12,33.0,8.0,84.87306467692058,396.4923706054688,1723.2986348470051,2464.334716796875,105.77892948426329,146.03362447229253,162.20555861930004,195.5429599987875,
1982283N17148,NANCY,1982,105,0.0495105256171727,1.8313235924647045e-20,0.9875141647681559,1.9754930169618936,5,12.0,12.4,318.15897369384766,972.3009033203124,2084.0594177246094,2561.523193359375,417.2006320537623,706.897828323147,387.0064695126784,523.3379092603946,
1982325N08176,PAMELA,1982,65,0.04860644110906892,8.26353773419635,0.9976981984908648,0.4297633687193541,5,12.0,16.4,12.254871368408203,54.8177604675293,1369.2568725585938,2102.516845703125,94.4155806489616,250.70514186364588,159.49200518704689,334.15071260441647,
1982339N07139,ROGER,1982,50,0.11108263734270847,59.99999999999999,0.7862489480341974,1.767135895966379,8,21.0,11.875,82.23827559873462,498.35943603515625,1342.7696228027344,2464.334716796875,75.8503121153232,145.60527225008096,125.6166272427632,201.1984259376067,
1983186N04153,VERA,1983,80,0.010902506415904449,8.134496879193264e-10,0.9007545082983286,2.3704451447971033,9,24.0,11.444444444444445,90.56908271047804,461.9837341308594,1870.6577487521702,2464.334716796875,133.5043349966501,248.1209444527738,200.9830248164033,370.6475604617309,
1984238N18137,JUNE,1984,50,0.9999999999999999,45.70565548345606,0.664099859197889,1.1934054621129195,5,12.0,10.8,23.31792907714844,116.5896453857422,1305.53271484375,1859.5257568359373,181.82173435542205,270.33758730798667,227.01820643897128,316.873930057748,
1984239N08146,IKE,1984,120,0.028804267795936343,9.057498460484942e-21,0.9853254888903648,2.523492253676717,9,24.0,12.222222222222221,33.427921295166016,115.63465881347656,1506.5997331407334,2453.169921875,149.63999389841007,290.5031513161664,211.2853247728857,325.3661566515677,
1984302N00149,AGNES,1984,120,0.029176489644883258,6.208058069581477e-12,0.9986836311214683,0.5948173811718528,7,18.0,16.142857142857142,63.162037091595785,374.4100341796875,1080.7747628348213,2102.516845703125,79.24772533288072,196.98289615056865,132.22182041188816,295.84077707846404,
1985240N08148,TESS,1985,68,0.058662732656393955,12.090464035863345,0.791014807949998,6.463266808132398,6,15.0,12.166666666666666,406.4422646522522,910.6489868164062,2075.0734619140626,2681.04931640625,428.07493437118893,780.810230145039,411.27163073515555,610.512118030028,
1985284N05159,DOT,1985,98,0.049044992693979744,5.995596228818724,0.9993237357501278,0.31763213435955734,4,9.0,14.0,384.7198143005371,1388.41845703125,1497.546962738037,2023.8634033203125,200.5216651258956,347.0729554937612,227.6753412795788,332.07929667657044,
1986179N11175,PEGGY,1986,95,0.037065996697841865,59.99999999999999,0.9901438519692852,0.5433987018433967,7,18.0,7.0,129.46186719621932,578.9161987304688,1889.242222377232,2355.01220703125,309.53127236240147,405.1204937103237,327.34098336971374,405.2211934376828,
1986276N07177,ELLEN,1986,45,0.0019870292827080987,2.2904541693738283e-15,0.41402004205859455,0.612394622022842,5,12.0,14.2,46.62565307617187,233.12826538085935,923.3267944335937,1365.8863525390625,52.69556932509589,106.1574427100808,95.17616799079698,189.92121280163897,
1986287N09141,GEORGIA,1986,53,0.012570513361182308,3.9297756070975644e-12,0.6786603277039491,2.9756836512233367,6,15.0,12.0,22.559639771779377,69.51429748535156,1155.4926249186199,2046.548095703125,79.30512311127178,105.14252062400875,128.10873100462143,211.56536506765875,
1986309N07162,IDA,1986,43,0.022171782622688485,3.3444992830853893e-09,0.9963034500527281,0.21547312439776511,5,12.0,17.4,14.025626182556152,61.66926574707031,1250.11708984375,2046.548095703125,99.70444563070015,177.68177903477076,170.99752690009518,252.7171694530965,
1986343N05176,MARGE,1986,78,0.02965546588959867,2.896199917018987e-14,0.9817006334684718,1.7591459396657934,8,21.0,13.75,108.87894630432129,774.3212280273438,1192.6030101776123,2453.169921875,132.0736759510731,253.84049020868625,180.26425325314398,286.66057030268223,
1986353N03178,NORRIS,1986,45,0.0322190931392726,5.500367711611222,0.9908842669878558,0.5919341075274275,8,21.0,19.0,63.497041791677475,476.8191833496094,1131.8006610870361,2453.169921875,103.87712560100425,281.9782896806245,154.63772083868054,319.75735819181114,
1987219N08134,BETTY,1987,135,0.01983347675695645,59.99999999999999,0.9730121346010071,0.8730047645159564,5,12.0,12.8,99.84004364013671,404.4230041503906,1208.87041015625,1560.3681640625,79.51057288411157,99.36347108357546,117.5299726493511,135.27265635811736,
1987219N08155,CARY,1987,75,0.01862831612992791,3.3775073144964286e-12,0.9423953525266183,2.143145016881829,8,21.0,9.25,307.1083515712193,1238.3875732421875,1924.601527622768,2155.72412109375,348.2315923638297,573.0608201925393,358.96221771988934,424.3698653360025,
1987320N03171,NINA,1987,145,0.021915885897606655,2.406184382601137e-13,0.9863141883707263,1.7386902324258093,6,15.0,17.666666666666668,34.42139561971029,129.49595642089844,1703.664794921875,2578.5234375,114.75513335277185,275.70034801444564,193.46211603983843,397.3972808798184,
1987343N05154,PHYLLIS,1987,90,0.0023546268959294555,1.8756893455963708e-10,0.2404476082529634,5.247040108797024,9,24.0,8.333333333333334,76.18381690979004,478.6216125488281,1042.0973239474827,2046.548095703125,74.95752982623634,154.19842527267522,112.1015980552431,199.3804025459679,
1988005N03174,ROY,1988,75,0.03995597697623916,13.31026198111426,0.970958998667811,2.2131987916503455,9,24.0,12.333333333333334,105.73038652208116,735.0043334960938,1660.4415622287327,2578.5234375,110.33904764106731,215.37649409893305,177.55834735580424,324.46538547791505,
1988177N07137,VANESSA,1988,45,0.4867387557950834,36.72083822978511,0.6970169182461458,1.9002798920816948,7,18.0,21.0,125.74572317940849,442.678955078125,1099.5255737304688,2102.516845703125,88.75562451746669,187.49935329909133,141.89166206142048,286.3673863479312,
1988193N09149,WARREN,1988,105,0.03728811054996625,59.99999999999111,0.9803834669447345,0.6522526815859552,4,9.0,11.5,0.0,0.0,1014.0933837890625,1263.3582763671875,94.1118955209653,157.94978642301203,144.62059956891875,215.76653844212925,
1988290N08145,PAT,1988,75,0.010918884292663382,3.285865033499604e-10,0.9919391167674891,0.2417465686120562,4,9.0,21.75,300.29323387145996,688.951171875,1435.0374927520752,2921.953857421875,331.44914698589884,786.0735403839323,298.72399498583854,672.784849930865,
1988295N10138,RUBY,1988,105,0.0010000000000000002,59.99999999999999,-1.3539255073031176,8.214572288075788,3,6.0,16.0,67.77587890625,203.32763671875,498.97422281901044,824.6262817382812,47.68657184239405,118.96725775440008,70.7363674882183,159.97663947851055,
1988308N09140,SKIP,1988,120,0.037638495697153766,59.99999999999998,0.9553420446886323,1.5436801791221475,5,12.0,16.4,146.6843521118164,400.1270446777344,1139.0428405761718,2046.548095703125,66.48135613630389,99.61176428290602,124.03745449117389,188.7749133982471,
1989134N07138,BRENDA,1989,43,0.0020823331712120697,5.832945043578312e-14,0.07163499205360102,5.346728372966344,11,30.0,14.181818181818182,103.3042720447887,686.6773681640625,1280.9337782426314,2154.498291015625,106.57286175581116,202.42411223824865,145.7053937560295,283.60481766286745,
1989153N04144,DOT,1989,40,0.028971046318309376,59.99999999999999,0.8683682487934455,1.5434935012833104,9,24.0,14.0,72.47138934665256,275.3151550292969,1619.8798217773438,2578.5234375,163.8971417824598,431.94490104796927,226.55580766241837,467.4426498923676,
1989187N15132,FAYE,1989,58,0.027880112698072806,1.6730984409322677e-14,0.7644575481577537,3.838689331953151,5,12.0,15.8,273.66466522216797,672.3587646484375,1833.8253784179688,2921.953857421875,368.8006925393871,701.3558365057339,363.1903911626456,654.5880479169631,
1989190N20160,GORDON,1989,140,0.041823717895716817,59.99999999999182,0.9864947294448807,1.2516434733556658,5,12.0,12.0,71.40703735351562,130.09695434570312,1744.162890625,2355.01220703125,248.12783882690564,434.8332113371681,282.41405636209964,405.2211934376828,
1989279N07151,DAN,1989,65,0.0010000000000000057,4.1046320873008035,0.34396930734423325,0.6037064650307055,6,15.0,19.833333333333332,41.74274044036865,171.30789184570312,1822.0081787109375,2464.334716796875,103.36083445611624,146.33678246462094,163.50473645703005,192.09671353825468,
1989286N14137,ELSIE,1989,140,0.13655424587526968,39.9522048957994,0.9928699894710493,2.4704835584924942,5,12.0,14.8,415.25941772460936,1042.25439453125,1519.7992614746095,2921.953857421875,358.30523240632226,882.817028672501,301.0264467459714,660.4731015874773,
1989314N10152,HUNT,1989,90,0.04048640286289753,5.474054729106159e-17,0.9816762232064526,2.4902717138027657,8,21.0,7.25,162.46322917938232,777.4627685546875,1525.2193565368652,2497.022705078125,239.56741178997254,412.10473853635904,284.4855727624531,479.5354922273309,
1990171N11148,PERCY,1990,90,0.019962471097604493,3.206629820206414e-17,0.9990489067180744,0.172399724652258,4,9.0,13.75,75.01235389709473,227.6467742919922,1438.858512878418,1836.4910888671875,209.64200681893172,383.23259166750574,254.90315494161345,371.956965548595,
1990232N13141,BECKY,1990,60,0.0010000000001908049,59.99999999989366,-3.3750000000062386,4.098780306386761,5,12.0,10.6,205.60187873840331,987.38330078125,1516.1199096679688,2355.01220703125,240.23486390486136,478.8347898653105,256.7452230721853,404.2998677495148,
1990310N07152,MIKE,1990,125,0.018299205479886255,2.7134657544543887e-14,0.9950922418788949,0.8435192761468061,7,18.0,16.0,106.16082218715123,576.034912109375,1338.1881190708705,2453.169921875,117.4454606326509,200.69894714065188,176.4911470203904,295.46116820597354,
1991163N11128,YUNYA,1991,90,0.0010000000000000002,59.99999999999999,-1.5905630987573072,6.570848624489467,3,6.0,5.666666666666667,0.0,0.0,791.5611979166666,824.6262817382812,103.02095818412539,134.7542722968724,140.25050860493252,166.19883447847786,
1991196N06153,BRENDAN,1991,68,0.01747948097357956,4.4644815181028733e-10,0.7850319513254702,2.923547436813589,5,12.0,13.6,175.4676498413086,617.0843505859375,1607.1470703125,1859.5257568359373,230.91226108254372,359.0737224550023,277.66705119947653,346.47115410371083,
1991289N06156,RUTH,1991,103,0.03522936374468632,31.973285330268865,0.980293488303402,2.1766272059852123,11,30.0,5.0,290.4407522028143,1028.5887451171875,2035.82177734375,2438.799560546875,337.23147955669197,545.0898401979293,354.4172221370674,485.8050654292159,
1991304N08140,THELMA,1991,45,0.11860776249590253,33.91924612220533,0.9537058643929462,0.7769655901749971,10,27.0,11.1,12.695647290349006,72.3023452758789,1247.8246612548828,2453.169921875,110.44221012837325,179.62371990809936,162.31388745152975,273.2000892028959,
1991317N09141,WILDA,1991,45,0.02837817349894423,44.999999999985064,,6.179159641069332e-12,10,27.0,9.2,75.23941813707351,345.2762756347656,1678.7255249023438,2464.334716796875,128.63525718288534,179.8578806566249,177.70092732527024,215.09342840343533,
1992188N07156,ELI,1992,75,0.1466552518891604,59.99999999999994,0.9622708899357479,0.8052757783699527,4,9.0,19.0,353.939453125,792.6541748046875,1414.543357849121,2921.953857421875,263.8977535495945,527.0630419840672,267.59077589506427,558.5906948419872,
1992289N08135,COLLEEN,1992,58,0.016148121277797755,2.0996611336203806e-16,0.9936262152272028,0.2327598989705405,4,9.0,14.25,132.37063789367676,366.9969482421875,1487.1173909505208,1528.487548828125,184.56636855130137,268.2739194453026,235.54621339914192,276.7560664887112,
1993164N04160,KORYN,1993,110,0.013720226204386848,2.356951745778609e-09,0.8843956637035697,2.4929679338684028,5,12.0,14.2,498.3264549255371,1256.75439453125,1798.6249145507813,2681.04931640625,383.4071351838021,756.7956515949435,344.790558658187,593.167569320978,
1993271N14134,FLO,1993,68,0.009285710215344365,1.9729537412893694e-17,0.9622545775623577,1.5902651676126327,18,51.0,8.0,308.12578116522894,1384.5911865234375,2008.502434624566,2921.953857421875,391.86112021452504,943.582093955667,367.5000194041638,657.7074794326345,
1993298N11154,IRA,1993,105,0.06298955406405427,36.22621693562187,0.9881448440710946,1.742796413060661,7,18.0,10.285714285714286,331.19996452331543,1017.7637939453124,1710.914566040039,2921.953857421875,345.04608918406365,690.2199291453795,312.34436891108,483.2263884233529,
1993322N09137,KYLE,1993,35,0.019681406910156865,51.8932108095487,0.8222726253035032,0.9759649833698121,8,21.0,11.875,44.438668720424175,295.8542175292969,1314.0125122070312,2102.516845703125,98.52665285169618,196.98289615056865,162.94925982025575,295.84077707846404,
1993331N05172,LOLA,1993,80,0.011140668987584727,3.7378981054772053e-13,0.9952120811847459,0.39295086434813215,8,21.0,9.75,28.329882894243514,182.66786193847656,1765.376961844308,2578.5234375,136.55212003271774,248.98811240973512,210.45866119861557,379.8333525077409,
1993336N05164,MANNY,1993,110,0.026107442246091836,2.3526928408780774e-13,0.9577840763679626,1.9727596051796188,4,9.0,10.25,0.0,0.0,1502.3678436279297,2046.548095703125,64.95705340681192,80.05714290183099,121.7012784965065,187.32185537012293,
1993353N05159,NELL,1993,68,0.036094639491508464,59.99999999999999,0.22674975105660689,1.0523168376881065,9,24.0,12.88888888888889,18.613099786970352,90.57705688476562,1531.9123399522568,2102.516845703125,144.48673043585592,276.6908309725621,215.76382265988352,341.87946493860204,
1994088N09148,OWEN,1994,73,0.036804515302177085,30.957736864161546,0.9897430238903525,0.7099697963111571,7,18.0,11.428571428571429,97.7754658290318,613.5902709960938,1516.1102905273438,2453.169921875,138.25971783716417,218.2033263429001,202.74641604841878,295.92075348909367,
1994197N14115,YUNYA,1994,45,0.02275822489663509,6.1835156919577965e-15,0.8233157901518042,1.742630154899732,4,9.0,9.75,118.20857620239258,415.5315856933594,1690.0711364746094,2355.01220703125,262.14162881755493,441.1421167346795,293.1356167504905,409.56008077043634,
1994287N14156,TERESA,1994,75,0.02505770510137565,9.93394284839433e-20,0.9972003963063134,0.37413925841099677,5,12.0,10.6,27.782789611816405,89.96363830566406,1267.949481201172,2154.498291015625,114.00567240017499,220.2169667723596,154.42481543924686,247.4406145169431,
1994345N06165,AXEL,1994,85,0.0769084672972774,59.9999999999939,0.9940398898560874,0.4102602959879176,5,12.0,10.0,49.7459098815918,130.19952392578125,1108.6965087890626,1349.0037841796875,86.62520595956988,143.65018317364633,136.53816045631558,212.34879043164236,
1995244N08139,NINA,1995,35,0.03539357616993555,35.000000000025885,,3.677530606141712e-12,4,9.0,16.0,405.44506072998047,1329.5870361328125,1715.8568878173828,2921.953857421875,412.0475267279454,946.1093190293428,326.1482062307503,602.8626583658091,
1995264N06174,SIBYL,1995,60,0.0010000000001599615,59.99999999991232,-2.498961261152214,21.151241098340634,8,21.0,10.375,102.0586051940918,426.3529052734375,1005.0806884765625,1560.3681640625,86.22612560839076,151.32955951477504,115.59455553135672,142.85007608990028,
1995293N05177,ANGELA,1995,140,0.008857363315263751,5.177674434319191e-10,0.7592986052937618,4.108835404187108,6,15.0,13.666666666666666,151.6810775756836,498.0546875,1713.0706298828125,2154.498291015625,118.2517756803779,141.30267519674052,180.53725665451816,214.2416161508804,
1995294N05163,ZACK,1995,70,0.0010000000000000002,59.99999999999999,-2.3824771669051246,11.702812063197712,7,18.0,13.142857142857142,141.98472009386336,689.2122192382812,1783.4157017299108,2453.169921875,157.03445579341675,214.5878841335356,230.02390380882727,298.3167054251467,
1996090N04150,ANN,1996,40,0.007140952205514048,5.608569121819498e-17,0.8489248086352279,1.5939039333236928,14,39.0,4.714285714285714,0.773357663835798,10.827007293701172,1142.2344839913505,2046.548095703125,67.18272781797228,141.3529897280959,123.29164734321739,215.7778200828648,
1996227N08156,NIKI,1996,58,0.002880350270386559,4.8621123008114065e-11,0.2525307751206213,1.5435537419549148,4,9.0,15.5,96.49569416046143,199.84640502929688,1652.6782655715942,2561.523193359375,351.34530191264383,612.1920287751716,328.69954723111874,554.4697270840045,
1996282N11162,ABEL:BETH,1996,90,0.037593528432636504,59.99999999999992,0.5720258108208555,3.8943979417922785,8,21.0,6.625,324.4662182331085,1169.1689453125,1798.6560668945312,2355.01220703125,307.82572223581025,488.9434527393698,309.03096818744734,434.67677011872274,
1996356N08110,GREG,1996,40,0.3054302439579408,31.666666666665925,1.0,9.599429730426751e-13,3,6.0,17.0,0.0,0.0,38.73039245605469,38.73039245605469,0.0131543775928171,0.0131543775928171,0.5550466532735794,0.5550466532735794,
1997283N07177,IVAN,1997,120,0.01520245472065889,1.7075735204592508e-18,0.998315774579263,0.35043987158341783,6,15.0,3.5,96.02281951904297,459.5472717285156,1333.3807373046875,1806.1920166015625,169.92572569665347,312.1606676579542,221.90812237525998,326.2299986052178,
1998217N10130,PENNY,1998,35,0.02906375821265829,19.147781085234392,0.859283993492209,0.8503669339359945,6,15.0,11.166666666666666,402.76892280578613,1256.75439453125,1839.8327611287434,2570.7080078125,339.11728676918665,698.0215013634146,324.65975196928304,522.9327890286006,
1998259N17118,VICKI,1998,70,0.011091158750924904,2.8147984926079958e-09,0.40204899196155985,12.32418498529798,10,27.0,8.5,310.51640872955323,1262.4139404296875,1769.5883026123047,2921.953857421875,288.7178510408022,822.09334821556,293.6252795566049,558.5906948419872,
1998281N11151,ZEB,1998,155,0.06718849648751354,59.99999999999999,0.9882938720221743,2.4451799248060317,8,21.0,7.875,115.19213464856148,371.213134765625,1943.447250366211,2438.799560546875,297.1925725498546,405.2307732847598,348.56863056360464,461.590196271296,
1998285N12149,BABS,1998,130,0.014335994512385522,4.834577695582931e-11,0.9036411012438121,4.36640715962078,8,21.0,6.5,23.396270751953125,127.81037139892578,1383.6026000976562,1980.735107421875,102.83794473950763,151.57327244507877,158.76598222191325,190.4640910448959,
1998342N06141,FAITH,1998,63,0.0010000000004165722,59.99999999977764,-1.1516359032985393,7.868571718605323,7,18.0,16.571428571428573,145.7912379673549,724.7860717773438,926.4949972970145,2046.548095703125,66.9030424310093,142.58406111664038,114.84845481138545,237.6390966700839,
1999230N12129,SAM,1999,50,0.3237259367329088,55.304354020036676,0.9826024281366602,0.25846987436686863,5,12.0,10.0,186.17782754898073,926.3577880859376,1594.9552368164063,2355.01220703125,227.48712752431197,354.99482910534994,271.7488952126878,374.5306893391412,
1999275N16135,DAN,1999,110,0.016410485641156183,5.251868970772679e-19,0.9987813220308717,0.2468479257689186,5,12.0,10.6,93.13291931152344,309.5326232910156,1510.4580184936524,2355.01220703125,221.72808544287446,394.1618684447316,251.02722375207318,402.6312856075319,
2000248N18126,BOPHA,2000,45,0.03867304753630325,12.022172260646284,0.9363011012691916,1.5228788214468916,7,18.0,8.714285714285714,432.3238830566406,1256.75439453125,1559.037841796875,1831.1827392578125,228.15770506593523,362.79509834909294,272.7998250564697,333.4318687352569,
2000299N08139,XANGSANE,2000,73,0.008465356379280357,2.980694665251068e-11,0.8639351168310003,2.26196582830534,11,30.0,10.636363636363637,37.01860965381969,180.09010314941406,1653.0080316716974,2464.334716796875,138.17012474435188,369.0341846134618,186.6106326615739,369.7144397584991,
2000305N06136,BEBINCA,2000,60,0.0010000000000145916,59.99999999999197,-2.3761562178837274,16.211107303329694,5,12.0,12.2,84.88867797851563,424.4433898925781,832.95908203125,1526.462646484375,67.21816209187446,113.94472040631253,107.61513503073586,155.4370742635755,
2000332N08133,RUMBIA,2000,53,0.9999999999999886,55.016925526497495,0.9975937167412782,0.03433056536903604,7,18.0,10.0,39.30887903485979,167.34686279296875,946.7458190917969,1365.8863525390625,59.59527479016648,131.8072863850641,106.38155093727083,192.1814394915965,
2002008N07141,TAPAH,2002,40,0.05308530170951992,3.303631815286337e-17,0.9880398729690896,0.7733087039116545,5,12.0,13.2,223.27899780273438,892.4221801757812,1443.4509033203126,1831.1827392578125,255.05982992559643,374.80889529028985,273.65515773375074,363.9379022807945,30.0
2003144N16119,LINFA,2003,55,0.029083626615836758,8.573347990108134,0.936791991272939,2.120460427189252,9,24.0,10.11111111111111,288.3004923462868,845.1282958984375,1878.8375244140625,2921.953857421875,333.1574937536,690.2199291453795,318.2360867982876,483.2263884233529,
2003196N05150,IMBUDO,2003,115,0.08902571795421944,59.999999999992966,0.9912394147958897,1.193658903370845,5,12.0,16.8,343.3403905232747,517.3168334960938,2385.2006022135415,2681.04931640625,471.551881033338,545.3983103724097,484.02728777113293,578.9264743205891,5.0
2003196N11137,KONI,2003,43,0.1860133246134813,41.400247804321175,0.13141728894765514,1.884808554788547,10,27.0,12.9,7.4055015563964846,74.05501556396484,938.3005172729493,2102.516845703125,74.6861949351667,142.66797258326872,122.90005626063694,229.67323641221785,30.0
2003226N07156,KROVANH,2003,80,0.09307146140209169,59.99999999999999,0.9431825767539627,0.9882051720372984,4,9.0,13.5,106.76545524597168,342.6168212890625,1791.064923286438,2681.04931640625,381.2949907134839,652.9614143628821,377.265340086269,600.3522954316087,20.0
2003302N11133,MELOR,2003,70,0.002745388199399789,3.6260400704086294e-10,0.316258611300854,2.8935002220652386,7,18.0,9.714285714285714,416.06841223580494,977.5031127929688,1744.886683872768,2355.01220703125,282.7259821344797,397.92914645728143,307.54877630605375,398.0623438752352,20.0
2003316N11141,NEPARTAK,2003,50,0.047776688383755136,59.99999999999999,0.6431184232240226,2.250168298263305,8,21.0,14.875,65.2423152923584,271.87774658203125,1019.3541679382324,2102.516845703125,72.85078538668422,125.85014132073024,123.92389057789278,230.1759109963116,40.0
2004134N07132,NIDA,2004,135,0.013915995932971418,59.99999999999997,0.7147766613120456,1.2587986748570912,3,6.0,7.333333333333333,78.42832438151042,235.28497314453125,794.7428995768229,824.6262817382812,104.06571073546264,138.58292758074637,141.98076598516164,167.14574654194433,15.0
2004319N10134,MUIFA,2004,85,0.012542075108959105,3.171186343779778e-18,0.9391218616431332,1.6305703026585947,7,18.0,12.285714285714286,3.4181090763636996,23.9267635345459,1521.5792061941963,2316.326904296875,142.35016837557845,377.769327764568,199.63543916968393,434.1187105713272,
2004333N06154,NANMADOL,2004,115,0.022766183628231254,7.899641024330419e-19,0.9959963106085254,0.3877638190557641,3,6.0,20.666666666666668,509.0812581380208,1020.61083984375,1952.7532958984375,2921.953857421875,465.2190087760933,953.025096212101,352.0882297907356,525.1060659025885,
2005071N06152,ROKE,2005,78,0.035657185418587596,9.510055783876713e-12,0.9650245857912032,2.3073871096991376,6,15.0,18.166666666666668,170.15044911702475,817.204833984375,1215.668701171875,2102.516845703125,131.8849963913242,343.2105377757215,174.00855233853727,351.8906691028231,
2005222N14131,SANVU,2005,45,0.037619617500195844,59.99999999999492,0.8309885893454649,0.8720959511116928,4,9.0,12.75,0.0,0.0,1045.2020874023438,1387.7930908203125,104.99076702636317,146.7076899675495,166.06439908856717,226.78862573442896,28.0
2005311N08140,TEMBIN,2005,45,0.2862943634550647,34.421230876147064,0.9629491095501433,0.7350683544590094,6,15.0,11.333333333333334,661.3512126922608,1351.77783203125,2388.6797607421877,2921.953857421875,498.1791343383269,675.595177047535,461.19251208712524,616.0618540217731,30.0
2005316N05134,BOLAVEN,2005,35,0.026899419693286263,3.21301269025605e-18,0.9896717595928209,0.42715990042000557,6,15.0,8.833333333333334,208.01870727539062,617.0843505859375,1764.9362182617188,2018.009521484375,273.56440999580406,359.0737224550023,320.68135223274476,365.4220719136677,35.0
2006128N09138,CHANCHU,2006,75,0.018984114513751732,59.999999999885276,-0.412897677962867,6.25985894707312,8,21.0,10.25,14.639527440071106,52.03082275390625,982.6200103759766,1560.3681640625,75.70615702526369,103.6345049102879,112.72767249974993,147.32140539438475,15.0
2006268N12129,XANGSANE,2006,120,0.00565947321172673,4.334334083186614e-15,0.7799815519218156,3.9604438089049774,10,27.0,11.4,159.17055299546985,878.08251953125,1811.5518527560764,2464.334716796875,126.13485204020198,264.6037541375743,184.58633013595437,299.3622914714694,10.0
2006298N12143,CIMARON,2006,140,0.032157025978171036,5.865937188983656e-14,0.999204660884262,0.45143958069349205,5,12.0,12.4,419.4059112548828,1062.294677734375,1915.38564453125,2921.953857421875,463.1194408934231,935.5257781407556,382.7126651537805,654.9100422706207,5.0
2006311N16143,CHEBI,2006,115,0.060617001267721383,59.999999999974015,0.5646486096223111,7.4843311143078095,6,15.0,11.0,85.87005740404129,397.27191162109375,1738.700558980306,2250.858154296875,329.29752268023714,541.1241887856293,332.0122957269324,449.7028810592576,8.0
2006329N06150,DURIAN,2006,130,0.015470290649760994,6.829457342544469e-10,0.9855303284497363,1.4780711469587124,8,21.0,11.0,178.1837453842163,1299.6708984375,1989.0872039794922,2578.5234375,144.3697079243775,292.62967345190384,227.03757522974274,425.36268007995386,10.0
2006340N08142,UTOR,2006,65,0.0010000000000936077,59.99999999995061,-0.26876847436297524,3.604467946518164,5,12.0,13.6,42.39781742095947,199.5886993408203,929.6322021484375,1365.8863525390625,73.38110046460419,128.81311920699457,118.76228473500377,187.02569108643164,20.0
2007306N18133,PEIPAH,2007,65,0.00974849473733148,2.6852671464758058e-17,0.6833267746638361,2.2509490454869527,5,12.0,12.2,397.649348449707,1452.6956787109375,1680.535361480713,2681.04931640625,375.9833762974048,870.8194803539487,304.5469548393275,570.3817760924034,25.0
2007324N10140,MITAG,2007,78,0.00939844578571348,1.42856077021378e-17,0.808944123443942,1.8715477739545943,6,15.0,10.666666666666666,407.22386423746747,1023.4234008789062,1643.1452531814575,2355.01220703125,257.68186572021517,374.2514870395542,284.3535861068805,372.9923807540127,15.0
2008135N12116,HALONG,2008,70,0.024940332004796936,1.6559951811916568e-14,0.8456839551516588,4.436571760465259,7,18.0,11.714285714285714,394.42377035958424,1219.6826171875,2095.254638671875,2921.953857421875,446.35173279296663,971.4698078335916,401.92745260350733,634.5809910830299,23.0
2008169N08135,FENGSHEN,2008,73,0.0010000000002085199,59.999999999887656,-1.2710458857203117,11.5673010436181,6,15.0,9.833333333333334,33.756338040033974,136.52377319335938,793.6926727294922,1365.8863525390625,59.7087677158392,124.899880262557,92.31288461650253,161.95224843483066,20.0
2008272N08139,HIGOS,2008,40,0.009427864895429782,6.057249694459406e-11,0.9198137743412275,1.1168443436868678,12,33.0,12.083333333333334,80.42282485961914,538.74560546875,1594.4713719685872,2464.334716796875,101.57219027205957,175.62711597363418,154.26708306386018,214.39375124629947,30.0
2009123N10111,CHAN-HOM,2009,83,0.10001087914600931,29.889768327399786,0.938344536674574,3.821041251519367,6,15.0,15.5,669.960417175293,2029.98583984375,1789.548651123047,2921.953857421875,375.065763023654,957.8388491145452,318.1086255111882,552.8307688242745,18.0
2009173N10132,NANGKA,2009,35,0.02946022230061829,59.99999999999999,0.7580966342099873,2.207184859836917,6,15.0,11.333333333333334,58.254363377889,199.06629943847656,1183.7650044759114,2046.548095703125,96.65779882325715,151.84145392646877,136.58902866585348,261.29362559230213,35.0
2009268N14128,KETSANA,2009,35,0.009126951320672332,59.99999999998463,0.40455406372316294,1.5433028688845714,5,12.0,15.2,173.33577156066895,598.4762573242188,1762.0891418457031,2023.8634033203125,182.01639216343742,248.97364787391984,258.56944208872244,333.8755560799036,38.0
2009270N10148,PARMA,2009,85,0.015865820030253518,3.1942821218385286e-12,0.9754488331201439,1.1111133889488225,7,18.0,7.857142857142857,265.80107034955705,730.6201782226562,1758.2082693917412,2355.01220703125,285.20144534616327,403.042417633876,313.7635639799661,383.1933311704952,15.0
2009299N12153,MIRINAE,2009,55,0.015120825199693506,5.936731463861937e-17,0.9806031219176893,0.28617814326196783,3,6.0,14.333333333333334,116.70741780598958,350.12225341796875,1686.0517985026042,2154.498291015625,121.14977552172358,163.32118484879777,175.71432961941673,220.46911889228795,15.0
2010191N12138,CONSON,2010,60,0.6053899647730688,52.88572654003481,0.7214039790076532,1.7217031286951219,5,12.0,13.0,1.3069867134094237,6.034933567047119,1506.6996704101562,2154.498291015625,140.39827867237008,207.55822084197885,192.30092471534147,253.99287787437305,15.0
2010285N13145,MEGI,2010,135,0.08267802162800279,59.99999999999999,0.9570750672016409,3.502807843870822,5,12.0,12.2,361.4586715698242,1062.294677734375,1978.7485717773438,2921.953857421875,467.3391482205525,935.5257781407556,392.714914931781,654.9100422706207,10.0
2011126N11129,AERE,2011,48,0.9999999999999999,50.05245748176018,0.9982311918579125,0.03965190921100459,3,6.0,7.333333333333333,78.42832438151042,235.28497314453125,893.2972005208334,1030.6390380859375,118.92983908501931,123.79478033325351,160.26744207779223,162.40759385558536,35.0
2011233N12129,NANMADOL,2011,125,0.006508598352833049,2.2780926167720855e-08,0.9826990619203464,0.2702746847657104,3,6.0,6.333333333333333,6.7991072336832685,20.397321701049805,1364.2897542317708,1806.1920166015625,190.46849375651675,302.62431009656854,232.44037365240843,319.7615993995735,45.0
2011266N13139,NESAT,2011,103,0.050542727395636554,59.999999999999716,0.6624495293162356,3.4975461480271592,5,12.0,12.6,481.3879898071289,1650.8746337890625,1818.5146911621093,2921.953857421875,431.7047143548828,884.1929155852494,356.09369524689146,537.7180784700205,30.0
2011270N18139,NALGAE,2011,130,0.05542695222755796,27.14672208039195,0.9990232793032537,0.5555571439301557,5,12.0,14.6,265.20150604248045,933.9343872070312,1763.9560546875,2921.953857421875,371.2201499985959,887.9641224486596,333.5441729771237,556.525854305643,15.0
2011346N03156,WASHI,2011,45,0.011581258915256644,59.99999999999999,0.5019672644432039,1.3298587924646592,7,18.0,14.571428571428571,134.5979870387486,404.4576416015625,1882.83154296875,2912.283447265625,270.82682359323144,721.9119322411441,287.4512690533274,506.5584186912706,35.0
2012225N16133,KAI-TAK,2012,55,0.01010162804266336,54.99999999596947,,2.2157826572519325e-10,4,9.0,13.5,0.13056692481040955,0.5222676992416382,1263.9115688204765,1859.5257568359373,189.800464479186,312.8958853681359,220.8342000333003,333.4930982157028,35.0
2012296N06135,SON-TINH,2012,35,0.009126951320672332,59.99999999998463,0.40455406372316294,1.5433028688845714,5,12.0,14.6,38.66376647949219,131.64956665039062,1150.8277099609375,1365.8863525390625,82.02831993840378,177.68177903477076,138.81800146927446,229.59566660432765,60.0
2012331N03157,BOPHA,2012,150,0.06951364422699824,59.99999999999999,0.9932993785077354,1.8026915228450764,8,21.0,16.75,208.4791717529297,1051.3001708984375,1623.2737860679626,2912.283447265625,276.63202233743925,780.7454780110963,255.27715890629327,506.1307655576148,5.0
2013196N14128,CIMARON,2013,35,0.016552770222441764,59.99999999999999,0.6880236771685696,0.7899067322556891,3,6.0,15.666666666666666,39.22572580973307,117.67717742919922,1262.8077392578125,1831.1827392578125,201.35584940737786,409.6406592370905,232.04749185785658,385.3343988779325,40.0
2013220N12137,UTOR,2013,120,0.07168965022528154,59.99999999999962,0.933507146677667,2.6828811699630966,4,9.0,15.5,437.11414337158203,1147.394775390625,1748.1153259277344,2921.953857421875,448.7064292193814,889.8778734856005,345.08870540330213,587.2485778623002,12.0
2013282N14132,NARI,2013,100,0.04117593636730911,59.99999999998595,0.9845945228190597,0.659583713860307,5,12.0,14.6,109.64814186096191,328.3279113769531,1498.9151329994202,2023.8634033203125,227.33996162863025,355.4688352880731,259.28177410707144,399.78517809478376,10.0
2013301N13142,KROSA,2013,85,0.003967526036151807,3.1929955326047113e-13,0.35372887708062406,3.007955405399366,5,12.0,12.2,182.7247225791216,730.6201782226562,1636.8669128417969,2355.01220703125,243.13224134437542,342.71593840884054,275.2902723764875,370.4478176194528,16.0
2013306N07162,HAIYAN,2013,168,0.015495568164646215,1.392471477855331e-18,0.9562848506731684,2.3926838395078183,5,12.0,21.6,167.07130851745606,817.204833984375,1284.2452514648437,2102.516845703125,87.51286146906595,201.5402160933296,153.1126830638239,298.2997572209023,16.0
2014029N10143,KAJIKI,2014,35,0.04025472620007254,4.594282091275462e-12,0.9404787495821675,1.5520815938136288,6,15.0,19.5,91.58483759562175,450.9281921386719,1229.8073425292969,2102.516845703125,120.93579045401405,296.92056788888425,169.59459429193782,337.9494605472631,40.0
2014190N08154,RAMMASUN,2014,108,0.009479565835647748,8.912665336050711e-11,0.6541353270221493,5.988070689819479,7,18.0,14.571428571428571,40.00135326385498,146.40252685546875,1695.9115164620537,2464.334716796875,114.08318574082195,151.57401927158023,168.72416702457508,197.7416151733548,15.0
2014254N10142,KALMAEGI,2014,75,0.11767085063115837,59.99999999999697,0.9870580374605292,0.4141026486850673,4,9.0,18.0,130.03540166219076,318.3314208984375,2005.7925618489583,2355.01220703125,383.17245530916625,483.4188296675438,372.7360127077715,430.9080445044475,20.0
2014260N13135,FUNG-WONG,2014,35,0.03539757161354967,35.00000000001934,,3.4545094208431093e-12,5,12.0,11.6,22.27199554443359,111.35997772216795,1349.8121337890625,1859.5257568359373,220.9848377400675,386.6331582707422,258.2214654177539,374.6461223330967,40.0
2014334N02156,HAGUPIT,2014,105,0.017518315649408905,1.7496573947558395e-17,0.9899113179942558,2.1530392020153415,21,60.0,6.095238095238095,82.38556780133929,686.6773681640625,1382.3529546828497,2347.915283203125,110.59508937205813,226.03640489140832,156.2924530049001,339.7033251533106,20.0
2014362N07130,JANGMI,2014,38,0.005749108320264313,3.8517265485252875e-10,0.4432299725602896,4.4480580726814765,14,39.0,6.785714285714286,146.81746664749724,748.1558837890625,1400.3459690638952,2453.169921875,184.19615812604115,299.29439213700186,215.64659070534043,342.3324591779792,38.0
2015012N09146,MEKKHALA,2015,60,0.02506106726140999,5.843442884550644e-22,0.9903826452648054,0.9532805719873587,10,27.0,9.0,49.182627987861636,212.75050354003903,1434.0695770263671,2464.334716796875,92.63213964569147,127.36036146726344,140.44514202534506,203.12513068512928,20.0
2015183N13130,LINFA,2015,50,0.004482718779483122,1.2036002213335409e-12,0.51565535344008,1.2546394308006346,6,15.0,9.333333333333334,447.15398661295575,1262.4139404296875,1751.9775797526042,2438.799560546875,298.1578828332831,537.0663070575587,299.58456589305564,451.4425446814746,30.0
2015285N14151,KOPPU,2015,120,0.025063865010192518,6.789925851378242e-16,0.9968058209221212,1.2878632153841019,13,36.0,5.384615384615385,366.76217005803034,1351.77783203125,2015.966280423678,2921.953857421875,437.8688220216579,832.4371940076383,376.5430919984568,642.2452415987592,12.0
2015344N07145,MELOR,2015,120,0.03335235103352136,59.99999999999999,0.7575219133521518,2.796411681851066,4,9.0,10.5,42.84414005279541,112.53548431396484,1405.0477905273438,1971.5523681640625,68.9077260723671,81.34884726737363,108.7640359470725,125.6820451632896,10.0
2016211N11128,NIDA,2016,58,0.9999999999576537,59.99999997235667,0.9968938587036478,0.04458621344839045,5,12.0,11.6,0.0,0.0,1285.9468383789062,1859.5257568359373,149.2702354795862,246.6576622880512,207.59503705113457,326.7044678486849,25.0
2016287N12131,SARIKA,2016,115,0.1621902128229339,59.999999999990166,0.9388685216576128,3.9419357746106836,4,9.0,17.0,321.3080517252286,861.0645751953125,1676.613505045573,2250.858154296875,289.97486535330705,412.9337150613638,326.79380576477877,444.72280362772005,10.0
2016288N06146,HAIMA,2016,113,0.047281791545364375,59.99999999999999,0.9936269602800681,0.5306681567839648,4,9.0,14.75,270.6696367263794,972.6378173828124,1739.6527252197266,2355.01220703125,310.85099379998724,452.294904206073,301.9989777218472,389.9416389407576,18.0
2016355N07146,NOCK-TEN,2016,128,0.029872299778327376,12.51217130229919,0.9970896266117067,0.9674726696013738,8,21.0,12.75,25.391706824302673,114.84831237792967,1729.1818618774414,2578.5234375,126.33340976072861,216.4246169754784,194.2688324412926,340.12400440226656,11.0
2017236N15129,PAKHAR,2017,45,0.2617735764258807,33.99213831514739,0.9637244293345666,0.7618458706634393,5,12.0,14.4,197.03173446655273,330.1528015136719,2355.239013671875,2921.953857421875,569.5061422521708,791.1596706361386,505.8784707381364,657.1622594823366,20.0
2017347N11131,KAI-TAK,2017,35,0.33670186456838413,26.196593001877037,0.726894624041247,1.6558918970228338,10,27.0,9.0,38.72918557524681,225.24429321289065,1217.5681579589843,2102.516845703125,104.54711595138258,250.70514186364588,148.76983538800727,334.15071260441647,45.0
2017354N08134,TEMBIN,2017,50,0.3000061405400812,43.90899841709465,0.47429265678627097,2.227411738224338,8,21.0,13.5,409.4572820663452,1518.89013671875,2081.321578979492,2912.283447265625,325.17490910874506,775.9095139879892,311.5698680784429,494.27401347812736,30.0
2018039N08151,SANBA,2018,35,0.013481256992252158,5.5667720092786764e-14,0.7943752181410246,0.9279298324951404,4,9.0,14.5,125.62945556640625,344.2414855957031,1354.5415954589844,1895.9576416015625,190.33492321665298,306.7636796221918,229.67316237153682,355.7687111093036,35.0
2018250N12170,MANGKHUT,2018,140,0.05583243219590368,59.99999999998732,0.986045282479514,1.3810993632180977,4,9.0,14.0,124.04192304611206,471.008056640625,1794.1935424804688,2355.01220703125,287.3473049709738,468.9619167340131,298.5336356166882,409.5813526640194,12.0
2018294N08161,YUTU,2018,105,0.026892555804230656,1.025180704962588e-15,0.9965201863201046,0.723612670793669,6,15.0,12.5,412.76371002197266,2029.98583984375,1583.7987620035808,2921.953857421875,344.48840347914467,957.8388491145452,286.8000522927649,552.8307688242745,20.0
2019314N14136,KALMAEGI,2019,65,0.10272035951776644,23.38782942767262,0.9977791667027991,0.5718242758860198,8,21.0,12.125,264.1405673623085,1033.9844970703125,2058.7541122436523,2921.953857421875,357.3824473050381,831.3967668122493,374.18326523582033,649.9147397676741,15.0
2019329N09160,KAMMURI,2019,120,0.01477142893421349,1.361014775155514e-15,0.9341846647710123,3.5814351250060596,9,24.0,11.555555555555555,78.05008104112413,536.5849609375,1659.3335740831162,2578.5234375,146.5303292798916,387.9647752557418,216.65495854928452,474.14422898305145,27.0
2019354N05151,PHANFONE,2019,85,0.0010000000000009214,59.999999999999496,-2.338533433534784,6.475490709220182,5,12.0,14.6,3.693533706665039,18.467668533325195,874.3268890380859,1365.8863525390625,66.1588385986314,148.5655570482372,105.14583476760916,191.5518408551121,15.0
2020129N07134,VONGFONG,2020,98,0.020126111497042548,1.075483657780144e-12,0.9595721190035854,4.061213653040742,17,48.0,10.823529411764707,87.0427848591524,662.5128173828125,1258.0982028736787,2716.56396484375,154.9631665528052,724.4016756746095,181.92165521033473,603.8025629023501,5.0
2020291N06141,SAUDEL,2020,45,0.3067039964053215,42.85522194297809,0.2223207768266494,1.5897979353720992,6,15.0,13.5,350.78480491638186,1268.0870361328125,1447.2407287597657,2500.994140625,229.69812533723766,603.5149974915632,227.34677476266802,440.8048035976457,43.0
2020296N09137,MOLAVE,2020,68,0.0010000000000000002,59.99999999999999,-2.1789459300311944,8.925708800618292,7,18.0,14.285714285714286,93.17091751098633,433.2264404296875,1777.7185567220051,2578.5234375,168.40049080051628,410.4734602828197,233.55639047424054,477.8721679130635,15.0
2020299N11144,GONI,2020,170,0.06092003328907228,7.772652855763938,0.9800738829609961,5.935806849196459,9,24.0,13.333333333333334,61.04512736201286,262.376708984375,1559.6928329467773,2464.334716796875,115.7221892593882,154.7327270058967,167.30204616760196,203.12513068512928,5.0
2020313N08135,VAMCO,2020,98,0.01955089659926841,2.581606868976358e-17,0.9602965719909153,1.5760223527121495,5,12.0,14.4,157.32126808166504,546.713623046875,1548.9386978149414,2023.8634033203125,190.05366541676761,328.9682444308408,246.67640515014932,399.2827296000193,8.0
2021248N11131,CONSON,2021,60,0.0071307979760753685,2.9020492021242173e-13,0.8011269785625017,1.6299752362433542,8,21.0,9.25,15.088701963424683,54.8177604675293,986.7051391601562,1365.8863525390625,74.70838826318771,139.17182327840186,108.32907771593685,166.3945109480179,20.0
2021346N05145,RAI,2021,128,0.026415291377683003,38.08242575329648,0.9924642391881494,0.7394557488503828,5,12.0,16.4,49.62011299133301,220.6309051513672,1181.1850524902343,2453.169921875,130.52754675052157,255.88130837683133,165.50449890645018,289.0403513389294,13.0
2022232N18131,MA-ON,2022,65,0.4590453549575,51.62377422303595,0.9593104495191013,1.0395741728095544,5,12.0,14.2,239.82125186920166,909.5888671875,2084.1695556640625,2355.01220703125,288.745461583613,396.532198499364,321.42099404695523,371.0364087815658,20.0
2022264N17132,NORU,2022,115,0.09148341085723849,59.99999999999999,0.9903079909138168,1.1509893535422746,4,9.0,14.75,7.31759254137675,20.8527774810791,1833.5867919921875,2023.8634033203125,251.55317776060238,327.3061470002528,289.8287326046113,359.9539947480921,5.0
2022299N11134,NALGAE,2022,53,0.0063589142487860085,2.8839644380425225e-14,0.5519437295501638,4.0693448225389455,11,30.0,12.181818181818182,92.8811170578003,383.5032653808594,1745.7860534667968,2464.334716796875,149.8975507018174,290.9164296615571,203.8086715728712,352.2484818166863,25.0
