complexity,loss,equation,score,sympy_format,lambda_format,R2,RMSE,MAE
1,452.86975,V0,0.0,V0,PySRFunction(X=>V0),0.3758752864734177,21.280736762959897,12.693156732891833
3,253.43513,V0 * 0.8297938,0.29024833184861326,V0*0.8297938,PySRFunction(X=>V0*0.8297938),0.6507270517576031,15.919647415073072,11.682748726269313
5,229.4428,(V0 * 0.6900207) + 12.589496,0.049727065942496256,V0*0.6900207 + 12.589496,PySRFunction(X=>V0*0.6900207 + 12.589496),0.6837922073466067,15.147370701961561,10.777701142384107
6,139.9161,exp(t_hours / -50.959396) * V0,0.4946108037114529,V0*exp(t_hours/(-50.959396)),PySRFunction(X=>V0*exp(t_hours/(-50.959396))),0.8071738825155261,11.828615046674559,7.456988658356543
7,138.7295,(V0 * 42.153465) / (t_hours + 42.152954),0.00851696328853703,V0*42.153465/(t_hours + 42.152954),PySRFunction(X=>V0*42.153465/(t_hours + 42.152954)),0.8088092026927922,11.778350175406734,7.488613934794978
8,113.15785,exp(t_hours / -33.963425) * (V0 + t_hours),0.2037422473566698,(V0 + t_hours)*exp(t_hours/(-33.963425)),PySRFunction(X=>(V0 + t_hours)*exp(t_hours/(-33.963425))),0.8440509140943959,10.637568911789636,6.615195317850254
9,97.089264,V0 * (0.9841497 - ((t_hours * V0) * 0.00014969833)),0.1531529438483559,V0*(0.9841497 - 0.00014969833*V0*t_hours),PySRFunction(X=>V0*(0.9841497 - 0.00014969833*V0*t_hours)),0.8661959171268218,9.85338954537447,6.473294114586093
10,95.28127,V0 * exp(((2.633747 - V0) * t_hours) * 0.00020850985),0.018797548664603637,V0*exp((2.633747 - V0)*t_hours*0.00020850985),PySRFunction(X=>V0*exp((2.633747 - V0)*t_hours*0.00020850985)),0.8686876320389131,9.76121292513457,6.15281223849371
11,89.32529,(1.0184988 - (((t_hours * V0) + h_mean) * 0.00015179884)) * V0,0.0645486036176812,V0*(1.0184988 - 0.00015179884*(V0*t_hours + h_mean)),PySRFunction(X=>V0*(1.0184988 - 0.00015179884*(V0*t_hours + h_mean))),0.8768958906750981,9.451206342059642,6.120901964046035
13,85.66053,(1.0186039 - ((((V0 + -27.408987) * t_hours) + h_mean) * 0.00019507854)) * V0,0.0209462455278509,V0*(1.0186039 - 0.00019507854*(h_mean + t_hours*(V0 - 27.408987))),PySRFunction(X=>V0*(1.0186039 - 0.00019507854*(h_mean + t_hours*(V0 - 27.408987)))),0.881946483720788,9.255298570924943,6.16195598352687
15,84.246994,(1.0221537 - (((t_hours * ((STORM_SPD + V0) + -35.914486)) + h_mean) * 0.00019490671)) * V0,0.00831963517464545,V0*(1.0221537 - 0.00019490671*(h_mean + t_hours*(STORM_SPD + V0 - 35.914486))),PySRFunction(X=>V0*(1.0221537 - 0.00019490671*(h_mean + t_hours*(STORM_SPD + V0 - 35.914486)))),0.8838945733926395,9.17861659433219,6.090924328462058
16,83.75082,(V0 - sqrt(t_hours)) * (1.0378785 - ((h_mean + ((V0 + -42.73621) * t_hours)) * 0.00022587992)),0.005906927368699112,(V0 - sqrt(t_hours))*(-0.00022587992*h_mean - 0.00022587992*t_hours*(V0 - 42.73621) + 1.0378785),PySRFunction(X=>(V0 - sqrt(t_hours))*(-0.00022587992*h_mean - 0.00022587992*t_hours*(V0 - 42.73621) + 1.0378785)),0.8845783791533957,9.151547836049023,6.157270948000408
17,81.4908,V0 * (1.0686544 - ((h_mean + (((t_hours * 0.513942) + (V0 / h_mean)) * V0)) * 0.0002826641)),0.02735583126260044,V0*(1.0686544 - 0.0002826641*(V0*(V0/h_mean + t_hours*0.513942) + h_mean)),PySRFunction(X=>V0*(1.0686544 - 0.0002826641*(V0*(V0/h_mean + t_hours*0.513942) + h_mean))),0.8876930384557828,9.02722585997355,6.070938508958121
19,79.98449,(1.0612606 - ((h_mean + (((t_hours * 0.5949187) + (V0 / h_mean)) * (V0 + -17.657763))) * 0.0002871506)) * V0,0.009328694780862632,V0*(1.0612606 - 0.0002871506*(h_mean + (V0 - 17.657763)*(V0/h_mean + t_hours*0.5949187))),PySRFunction(X=>V0*(1.0612606 - 0.0002871506*(h_mean + (V0 - 17.657763)*(V0/h_mean + t_hours*0.5949187)))),0.8897689670154778,8.943405211788152,6.067461906156201
21,79.06212,(1.109244 - ((h_mean + ((V0 + -24.836351) * ((V0 / h_mean) + (t_hours * 0.6024839)))) * 0.00032362697)) * (V0 - 3.2973516),0.005799434145758025,(1.109244 - 0.00032362697*(h_mean + (V0 - 24.836351)*(V0/h_mean + t_hours*0.6024839)))*(V0 - 1*3.2973516),PySRFunction(X=>(1.109244 - 0.00032362697*(h_mean + (V0 - 24.836351)*(V0/h_mean + t_hours*0.6024839)))*(V0 - 1*3.2973516)),0.8910401380399802,8.891688544821406,6.0177798371001785
22,78.77541,((1.1057295 - ((h_mean + (((t_hours * 0.6198856) + (V0 / h_mean)) * (V0 + -25.226631))) * 0.00030960454)) * V0) - sqrt(STORM_SPD),0.0036329802594627153,-sqrt(STORM_SPD) + V0*(-0.00030960454*h_mean - 0.00030960454*(V0 - 25.226631)*(V0/h_mean + 0.6198856*t_hours) + 1.1057295),PySRFunction(X=>-sqrt(STORM_SPD) + V0*(-0.00030960454*h_mean - 0.00030960454*(V0 - 25.226631)*(V0/h_mean + 0.6198856*t_hours) + 1.1057295)),0.8914352538637195,8.875552155020165,6.027555901842814
23,78.67659,(1.1253616 - ((((((V0 / h_mean) * 2.0533557) + t_hours) * (V0 + -28.343552)) + (h_mean * 1.5941418)) * 0.000203595)) * (V0 - 4.2672706),0.0012552398569122968,(1.1253616 - 0.000203595*(h_mean*1.5941418 + (V0 - 28.343552)*(V0*2.0533557/h_mean + t_hours)))*(V0 - 1*4.2672706),PySRFunction(X=>(1.1253616 - 0.000203595*(h_mean*1.5941418 + (V0 - 28.343552)*(V0*2.0533557/h_mean + t_hours)))*(V0 - 1*4.2672706)),0.8915714714859743,8.869982271006037,6.040719194791961
24,78.177414,(1.0789777 - (((h_mean * 1.5049658) + ((((V0 / h_mean) * 2.025275) + t_hours) * (V0 + -35.37995))) * 0.00019816516)) * (V0 - sqrt(t_hours)),0.006364870165498007,(V0 - sqrt(t_hours))*(-0.000298231788551528*h_mean - 0.00019816516*(V0 - 35.37995)*(2.025275*V0/h_mean + t_hours) + 1.0789777),PySRFunction(X=>(V0 - sqrt(t_hours))*(-0.000298231788551528*h_mean - 0.00019816516*(V0 - 35.37995)*(2.025275*V0/h_mean + t_hours) + 1.0789777)),0.8922593935192511,8.841799811027018,6.083319513988936
