SID,ISO_TIME,fold,V0_used,t_used,h_used,storm_spd,obs,KD95_pred,C11_pred,KD95_Vb,KD95_R,KD95_alpha,C11_a
1977194N06142,1977-07-17 00:00:00,1,40,0.0,119.11688995361328,15,40,39.98833864697269,39.35254818455674,34.41551272915655,0.9997084661743173,0.03554207213302682,0.00013588581260293818
1977194N06142,1977-07-17 06:00:00,1,40,6.0,65.50566101074219,12,40,38.91808945476761,38.3394445999503,34.41551272915655,0.9997084661743173,0.03554207213302682,0.00013588581260293818
1977194N06142,1977-07-17 12:00:00,1,40,12.0,97.95704650878906,13,40,38.05337931049039,36.85855348342236,34.41551272915655,0.9997084661743173,0.03554207213302682,0.00013588581260293818
1977194N06142,1977-07-17 18:00:00,1,40,18.0,85.93095397949219,14,40,37.35473488350851,35.619416696665425,34.41551272915655,0.9997084661743173,0.03554207213302682,0.00013588581260293818
1977194N06142,1977-07-18 00:00:00,1,40,24.0,176.0255126953125,13,40,36.79026361116,33.82521000278912,34.41551272915655,0.9997084661743173,0.03554207213302682,0.00013588581260293818
1977194N06142,1977-07-18 06:00:00,1,40,30.0,185.34417724609372,13,45,36.334197828622784,32.47005522960663,34.41551272915655,0.9997084661743173,0.03554207213302682,0.00013588581260293818
1977254N19147,1977-09-15 12:00:00,5,60,0.0,223.876708984375,12,60,59.99999999999999,57.99863400996914,40.03519502993008,0.9999999999999999,0.04436492556713584,0.00014899316675311556
1977254N19147,1977-09-15 18:00:00,5,60,6.0,475.0481262207031,13,50,55.33410249708272,52.535012116987325,40.03519502993008,0.9999999999999999,0.04436492556713584,0.00014899316675311556
1977254N19147,1977-09-16 00:00:00,5,60,12.0,228.19293212890625,11,40,51.758653888625815,51.52354394095154,40.03519502993008,0.9999999999999999,0.04436492556713584,0.00014899316675311556
1977308N07156,1977-11-13 18:00:00,5,110,0.0,203.02442932128903,12,110,109.99999999999999,106.67258220818948,40.03519502993008,0.9999999999999999,0.04436492556713584,0.00014899316675311556
1977308N07156,1977-11-14 00:00:00,5,110,6.0,179.93218994140625,13,90,93.64879550332013,96.23414274790255,40.03519502993008,0.9999999999999999,0.04436492556713584,0.00014899316675311556
1978105N04149,1978-04-19 18:00:00,3,55,0.0,31.92548942565918,14,55,54.99999999999999,54.750017776273054,38.44465823627189,0.9999999999999999,0.04220019100467722,0.00014236684925609814
1978105N04149,1978-04-20 00:00:00,3,55,6.0,117.79438018798828,14,60,51.296763978385876,51.49369087379268,38.44465823627189,0.9999999999999999,0.04220019100467722,0.00014236684925609814
1978105N04149,1978-04-20 06:00:00,3,55,12.0,35.73019027709961,13,55,48.421898474729105,49.5523096682847,38.44465823627189,0.9999999999999999,0.04220019100467722,0.00014236684925609814
1978264N08147,1978-09-26 18:00:00,1,50,0.0,91.68173217773438,12,50,49.985423308715866,49.37708766610918,34.41551272915655,0.9997084661743173,0.03554207213302682,0.00013588581260293818
1978264N08147,1978-09-27 00:00:00,1,50,6.0,82.83135223388672,12,50,46.9952555794126,47.398932530590834,34.41551272915655,0.9997084661743173,0.03554207213302682,0.00013588581260293818
1978264N08147,1978-09-27 06:00:00,1,50,12.0,126.21566009521484,11,50,44.57934311019443,45.06587974514913,34.41551272915655,0.9997084661743173,0.03554207213302682,0.00013588581260293818
1978264N08147,1978-09-27 12:00:00,1,50,18.0,110.19247436523438,12,50,42.62740141751762,43.13645873677537,34.41551272915655,0.9997084661743173,0.03554207213302682,0.00013588581260293818
1978279N14142,1978-10-09 18:00:00,2,50,0.0,222.00900268554688,11,50,49.99999999999999,48.404982626797874,40.612790532504235,0.9999999999999999,0.04578723658679158,0.00014368943186158153
1978279N14142,1978-10-10 00:00:00,2,50,6.0,131.84889221191406,8,45,47.745025523088046,46.89739390140083,40.612790532504235,0.9999999999999999,0.04578723658679158,0.00014368943186158153
1978279N14142,1978-10-10 06:00:00,2,50,12.0,203.6293182373047,6,45,46.03173597492211,44.22634799175858,40.612790532504235,0.9999999999999999,0.04578723658679158,0.00014368943186158153
1979098N02144,1979-04-15 12:00:00,4,80,0.0,125.20162200927734,13,80,79.99999999999999,78.55688076121848,40.303627811744825,0.9999999999999999,0.044664782000984615,0.000144079527048239
1979098N02144,1979-04-15 18:00:00,4,80,6.0,77.39974212646484,12,75,70.66803513869384,73.57520870220868,40.303627811744825,0.9999999999999999,0.044664782000984615,0.000144079527048239
1979098N02144,1979-04-16 00:00:00,4,80,12.0,35.595211029052734,10,70,63.52986188533766,68.52440902907539,40.303627811744825,0.9999999999999999,0.044664782000984615,0.000144079527048239
1979254N10140,1979-09-17 18:00:00,3,55,0.0,95.34481811523438,6,55,54.99999999999999,54.25343322586211,38.44465823627189,0.9999999999999999,0.04220019100467722,0.00014236684925609814
1979254N10140,1979-09-18 00:00:00,3,55,6.0,114.4012222290039,5,50,51.296763978385876,51.52025990021337,38.44465823627189,0.9999999999999999,0.04220019100467722,0.00014236684925609814
1979254N10140,1979-09-18 06:00:00,3,55,12.0,108.63164520263672,6,50,48.421898474729105,48.98147839386832,38.44465823627189,0.9999999999999999,0.04220019100467722,0.00014236684925609814
1979254N10140,1979-09-18 12:00:00,3,55,18.0,81.10624694824219,6,50,46.19010670777786,46.61304881219,38.44465823627189,0.9999999999999999,0.04220019100467722,0.00014236684925609814
1979254N10140,1979-09-18 18:00:00,3,55,24.0,88.75962829589844,7,45,44.45754061566127,43.969163169817655,38.44465823627189,0.9999999999999999,0.04220019100467722,0.00014236684925609814
1979254N10140,1979-09-19 00:00:00,3,55,30.0,134.9504852294922,7,40,43.1125292628984,41.02352228368535,38.44465823627189,0.9999999999999999,0.04220019100467722,0.00014236684925609814
1979254N10140,1979-09-19 06:00:00,3,55,36.0,93.49714660644533,7,35,42.06838119415086,38.76415093628718,38.44465823627189,0.9999999999999999,0.04220019100467722,0.00014236684925609814
1979254N10140,1979-09-19 12:00:00,3,55,42.0,210.179931640625,8,35,41.25779681712707,35.26654579656315,38.44465823627189,0.9999999999999999,0.04220019100467722,0.00014236684925609814
1979350N07153,1979-12-21 06:00:00,3,50,0.0,99.3563232421875,16,50,49.99999999999999,49.292747665316966,38.44465823627189,0.9999999999999999,0.04220019100467722,0.00014236684925609814
1979350N07153,1979-12-21 12:00:00,3,50,6.0,79.33004760742188,15,40,47.415205407885,47.299798814698285,38.44465823627189,0.9999999999999999,0.04220019100467722,0.00014236684925609814
1979350N07153,1979-12-21 18:00:00,3,50,12.0,61.47494125366211,14,40,45.408599087483346,45.29139483759268,38.44465823627189,0.9999999999999999,0.04220019100467722,0.00014236684925609814
1979350N07153,1979-12-22 00:00:00,3,50,18.0,231.94601440429688,14,45,43.85084709536809,41.94242062006312,38.44465823627189,0.9999999999999999,0.04220019100467722,0.00014236684925609814
1979350N07153,1979-12-22 06:00:00,3,50,24.0,345.4927673339844,13,50,42.64154597622613,38.99865320832863,38.44465823627189,0.9999999999999999,0.04220019100467722,0.00014236684925609814
1980201N08155,1980-07-25 00:00:00,2,100,0.0,315.2955017089844,11,100,99.99999999999999,95.46953684909238,40.612790532504235,0.9999999999999999,0.04578723658679158,0.00014368943186158153
1980201N08155,1980-07-25 06:00:00,2,100,6.0,499.1566162109375,11,70,85.73413727818394,84.2062810289752,40.612790532504235,0.9999999999999999,0.04578723658679158,0.00014368943186158153
1980201N08155,1980-07-25 12:00:00,2,100,12.0,370.7426452636719,12,40,74.8951882137454,77.43008817013053,40.612790532504235,0.9999999999999999,0.04578723658679158,0.00014368943186158153
1980296N05165,1980-11-04 18:00:00,1,105,0.0,473.750732421875,10,105,104.9693889483033,98.24051965912972,34.41551272915655,0.9997084661743173,0.03554207213302682,0.00013588581260293818
1980296N05165,1980-11-05 00:00:00,1,105,6.0,674.336181640625,8,65,91.41966926495999,86.38971789528676,34.41551272915655,0.9997084661743173,0.03554207213302682,0.00013588581260293818
1980296N05165,1980-11-05 06:00:00,1,105,12.0,717.6170043945312,10,50,80.47214400856666,76.78334016574838,34.41551272915655,0.9997084661743173,0.03554207213302682,0.00013588581260293818
1980296N05165,1980-11-05 12:00:00,1,105,18.0,395.6743774414063,9,45,71.62706735456769,72.38797438694428,34.41551272915655,0.9997084661743173,0.03554207213302682,0.00013588581260293818
1981176N08150,1981-06-30 12:00:00,1,35,0.0,113.43515014648438,14,35,34.989796316101106,34.460502035561305,34.41551272915655,0.9997084661743173,0.03554207213302682,0.00013588581260293818
1981176N08150,1981-06-30 18:00:00,1,35,6.0,85.50541687011719,13,30,34.87950639244512,33.59457522050119,34.41551272915655,0.9997084661743173,0.03554207213302682,0.00013588581260293818
1981176N08150,1981-07-01 00:00:00,1,35,12.0,262.4792785644531,12,30,34.79039741063837,31.75412620266608,34.41551272915655,0.9997084661743173,0.03554207213302682,0.00013588581260293818
1981176N08150,1981-07-01 06:00:00,1,35,18.0,111.4306182861328,12,35,34.71840161650396,31.47375342809215,34.41551272915655,0.9997084661743173,0.03554207213302682,0.00013588581260293818
1981178N05160,1981-07-04 06:00:00,2,45,0.0,286.845703125,8,45,44.99999999999999,43.14524867487148,40.612790532504235,0.9999999999999999,0.04578723658679158,0.00014368943186158153
1981178N05160,1981-07-04 12:00:00,2,45,6.0,414.0786437988281,11,40,43.94611434757846,40.576730774575736,40.612790532504235,0.9999999999999999,0.04578723658679158,0.00014368943186158153
1981178N05160,1981-07-04 18:00:00,2,45,12.0,276.5758056640625,12,35,43.14539075103978,39.72000088854979,40.612790532504235,0.9999999999999999,0.04578723658679158,0.00014368943186158153
1981317N14153,1981-11-19 12:00:00,3,60,0.0,115.7716293334961,11,60,59.99999999999999,59.01107747391272,38.44465823627189,0.9999999999999999,0.04220019100467722,0.00014236684925609814
1981317N14153,1981-11-19 18:00:00,3,60,6.0,91.14429473876952,12,55,55.178322548886754,56.14632049189061,38.44465823627189,0.9999999999999999,0.04220019100467722,0.00014236684925609814
1981317N14153,1981-11-20 00:00:00,3,60,12.0,280.0874328613281,14,55,51.43519786197487,51.45724219217479,38.44465823627189,0.9999999999999999,0.04220019100467722,0.00014236684925609814
1981317N14153,1981-11-20 06:00:00,3,60,18.0,130.1580047607422,15,55,48.52936632018762,49.662817065610014,38.44465823627189,0.9999999999999999,0.04220019100467722,0.00014236684925609814
1982073N07153,1982-03-19 12:00:00,5,55,0.0,144.94508361816406,18,55,54.99999999999999,53.8122295142539,40.03519502993008,0.9999999999999999,0.04436492556713584,0.00014899316675311556
1982073N07153,1982-03-19 18:00:00,5,55,6.0,706.5877075195312,18,45,51.50263319645897,46.5055533161622,40.03519502993008,0.9999999999999999,0.04436492556713584,0.00014899316675311556
1982073N07153,1982-03-20 00:00:00,5,55,12.0,214.3678436279297,16,40,48.82262248830138,47.834884133893,40.03519502993008,0.9999999999999999,0.04436492556713584,0.00014899316675311556
1982077N04161,1982-03-25 18:00:00,2,100,0.0,99.7894058227539,8,100,99.99999999999999,98.56613169715237,40.612790532504235,0.9999999999999999,0.04578723658679158,0.00014368943186158153
1982077N04161,1982-03-26 00:00:00,2,100,6.0,114.56192016601562,8,95,85.73413727818394,89.73250036614245,40.612790532504235,0.9999999999999999,0.04578723658679158,0.00014368943186158153
1982077N04161,1982-03-26 06:00:00,2,100,12.0,78.13790130615234,8,85,74.8951882137454,81.63450911205648,40.612790532504235,0.9999999999999999,0.04578723658679158,0.00014368943186158153
1982077N04161,1982-03-26 12:00:00,2,100,18.0,134.8610076904297,8,80,66.65994726741044,72.1980921073835,40.612790532504235,0.9999999999999999,0.04578723658679158,0.00014368943186158153
1982077N04161,1982-03-26 18:00:00,2,100,24.0,167.3780517578125,8,75,60.402957494601246,63.109490636902585,40.612790532504235,0.9999999999999999,0.04578723658679158,0.00014368943186158153
1982077N04161,1982-03-27 00:00:00,2,100,30.0,224.3404235839844,8,65,55.64900782000643,53.66963564068861,40.612790532504235,0.9999999999999999,0.04578723658679158,0.00014368943186158153
1982248N14133,1982-09-08 12:00:00,3,55,0.0,107.03113555908205,7,55,54.99999999999999,54.16192729519831,38.44465823627189,0.9999999999999999,0.04220019100467722,0.00014236684925609814
1982248N14133,1982-09-08 18:00:00,3,55,6.0,100.4648895263672,9,50,51.296763978385876,51.62938384795162,38.44465823627189,0.9999999999999999,0.04220019100467722,0.00014236684925609814
1982248N14133,1982-09-09 00:00:00,3,55,12.0,62.05545425415039,8,50,48.421898474729105,49.34617819943107,38.44465823627189,0.9999999999999999,0.04220019100467722,0.00014236684925609814
1982248N14133,1982-09-09 06:00:00,3,55,18.0,117.6643524169922,8,50,46.19010670777786,46.326792386220305,38.44465823627189,0.9999999999999999,0.04220019100467722,0.00014236684925609814
1982248N14133,1982-09-09 12:00:00,3,55,24.0,93.49714660644533,9,50,44.45754061566127,43.93206756428354,38.44465823627189,0.9999999999999999,0.04220019100467722,0.00014236684925609814
1982248N14133,1982-09-09 18:00:00,3,55,30.0,187.4336700439453,8,50,43.1125292628984,40.6125696723326,38.44465823627189,0.9999999999999999,0.04220019100467722,0.00014236684925609814
1982283N17148,1982-10-14 12:00:00,3,105,0.0,279.3856201171875,13,105,104.99999999999999,100.82359870132777,38.44465823627189,0.9999999999999999,0.04220019100467722,0.00014236684925609814
1982283N17148,1982-10-14 18:00:00,3,105,6.0,631.0693969726562,12,80,90.11234968339464,86.1488799422701,38.44465823627189,0.9999999999999999,0.04220019100467722,0.00014236684925609814
1982325N08176,1982-12-07 06:00:00,1,65,0.0,62.88100051879883,15,65,64.98105030133063,64.44459866956912,34.41551272915655,0.9997084661743173,0.03554207213302682,0.00013588581260293818
1982325N08176,1982-12-07 12:00:00,1,65,6.0,67.25780487060547,16,50,59.11100476638008,60.961234855047934,34.41551272915655,0.9997084661743173,0.03554207213302682,0.00013588581260293818
1982325N08176,1982-12-07 18:00:00,1,65,12.0,2.5262954235076904,18,40,54.368288809750496,58.08827560010864,34.41551272915655,0.9997084661743173,0.03554207213302682,0.00013588581260293818
1982339N07139,1982-12-08 00:00:00,3,50,0.0,89.75096893310547,16,50,49.99999999999999,49.36112186676559,38.44465823627189,0.9999999999999999,0.04220019100467722,0.00014236684925609814
1982339N07139,1982-12-08 06:00:00,3,50,6.0,70.35134887695312,13,55,47.415205407885,47.36371226713211,38.44465823627189,0.9999999999999999,0.04220019100467722,0.00014236684925609814
1982339N07139,1982-12-08 12:00:00,3,50,12.0,107.76724243164062,11,55,45.408599087483346,44.961870384416514,38.44465823627189,0.9999999999999999,0.04220019100467722,0.00014236684925609814
1982339N07139,1982-12-08 18:00:00,3,50,18.0,62.63616943359375,9,60,43.85084709536809,43.14762607888899,38.44465823627189,0.9999999999999999,0.04220019100467722,0.00014236684925609814
1983186N04153,1983-07-14 12:00:00,5,80,0.0,96.58966064453124,11,80,79.99999999999999,78.848704046797,40.03519502993008,0.9999999999999999,0.04436492556713584,0.00014899316675311556
1983186N04153,1983-07-14 18:00:00,5,80,6.0,81.78180694580078,11,75,70.65997969957768,73.30386796470862,40.03519502993008,0.9999999999999999,0.04436492556713584,0.00014899316675311556
1983186N04153,1983-07-15 00:00:00,5,80,12.0,160.60751342773438,11,70,63.502779489923554,66.64297103096538,40.03519502993008,0.9999999999999999,0.04436492556713584,0.00014899316675311556
1983186N04153,1983-07-15 06:00:00,5,80,18.0,144.87213134765625,12,60,58.01826091358204,61.109190580140236,40.03519502993008,0.9999999999999999,0.04436492556713584,0.00014899316675311556
1984239N08146,1984-09-01 18:00:00,5,115,0.0,150.7238311767578,14,115,114.99999999999999,112.41746559509848,40.03519502993008,0.9999999999999999,0.04436492556713584,0.00014899316675311556
1984239N08146,1984-09-02 00:00:00,5,115,6.0,106.68537139892578,13,95,97.48026480394387,101.34942221508008,40.03519502993008,0.9999999999999999,0.04436492556713584,0.00014899316675311556
1984239N08146,1984-09-02 06:00:00,5,115,12.0,204.93212890625,11,75,84.05499929219462,87.84343344793257,40.03519502993008,0.9999999999999999,0.04436492556713584,0.00014899316675311556
1984239N08146,1984-09-02 12:00:00,5,115,18.0,247.78460693359372,11,65,73.76730075999663,75.28658212955395,40.03519502993008,0.9999999999999999,0.04436492556713584,0.00014899316675311556
1984302N00149,1984-11-04 18:00:00,2,120,0.0,93.12947845458984,17,120,119.99999999999999,118.39419337815535,40.612790532504235,0.9999999999999999,0.04578723658679158,0.00014368943186158153
1984302N00149,1984-11-05 00:00:00,2,120,6.0,48.516300201416016,17,100,100.92978198022229,106.74867953372326,40.612790532504235,0.9999999999999999,0.04578723658679158,0.00014368943186158153
1984302N00149,1984-11-05 06:00:00,2,120,12.0,188.87521362304688,15,85,86.4405691092747,91.91374151773105,40.612790532504235,0.9999999999999999,0.04578723658679158,0.00014368943186158153
1984302N00149,1984-11-05 12:00:00,2,120,18.0,21.41775321960449,15,70,75.43192256931869,82.38639868645288,40.612790532504235,0.9999999999999999,0.04578723658679158,0.00014368943186158153
1985240N08148,1985-09-03 06:00:00,5,70,0.0,300.8934326171875,11,70,69.99999999999999,66.8618254233405,40.03519502993008,0.9999999999999999,0.04436492556713584,0.00014899316675311556
1985240N08148,1985-09-03 12:00:00,5,70,6.0,637.3004760742188,13,35,62.99704109833019,58.97286177020878,40.03519502993008,0.9999999999999999,0.04436492556713584,0.00014899316675311556
1986179N11175,1986-07-09 00:00:00,2,90,0.0,214.94911193847656,7,90,89.99999999999999,87.2202675803768,40.612790532504235,0.9999999999999999,0.04578723658679158,0.00014368943186158153
1986179N11175,1986-07-09 06:00:00,2,90,6.0,359.7316589355469,7,85,78.13631492716476,78.36462621897057,40.612790532504235,0.9999999999999999,0.04578723658679158,0.00014368943186158153
1986179N11175,1986-07-09 12:00:00,2,90,12.0,330.8673400878906,7,80,69.12249776598074,71.75459461236392,40.612790532504235,0.9999999999999999,0.04578723658679158,0.00014368943186158153
1986287N09141,1986-10-18 18:00:00,2,55,0.0,104.53485107421876,11,55,54.99999999999999,54.17386956516758,40.612790532504235,0.9999999999999999,0.04578723658679158,0.00014368943186158153
1986287N09141,1986-10-19 00:00:00,2,55,6.0,64.35992431640625,12,50,51.54393669859763,51.88340555892996,40.612790532504235,0.9999999999999999,0.04578723658679158,0.00014368943186158153
1986287N09141,1986-10-19 06:00:00,2,55,12.0,65.04752349853516,14,40,48.91808119880444,49.270008330171684,40.612790532504235,0.9999999999999999,0.04578723658679158,0.00014368943186158153
1986343N05176,1986-12-21 12:00:00,1,75,0.0,151.3951416015625,15,75,74.9781349630738,73.45706611195011,34.41551272915655,0.9997084661743173,0.03554207213302682,0.00013588581260293818
1986343N05176,1986-12-21 18:00:00,1,75,6.0,126.10514831542967,15,60,67.18817089102507,69.12866128323162,34.41551272915655,0.9997084661743173,0.03554207213302682,0.00013588581260293818
1986343N05176,1986-12-22 00:00:00,1,75,12.0,134.8849334716797,13,50,60.89425260945454,64.45303648984974,34.41551272915655,0.9997084661743173,0.03554207213302682,0.00013588581260293818
1986343N05176,1986-12-22 06:00:00,1,75,18.0,10.298835754394531,11,40,55.80906775254037,61.13660154905125,34.41551272915655,0.9997084661743173,0.03554207213302682,0.00013588581260293818
1986353N03178,1986-12-31 12:00:00,3,40,0.0,116.08260345458984,18,40,39.99999999999999,39.338947419709,38.44465823627189,0.9999999999999999,0.04220019100467722,0.00014236684925609814
1986353N03178,1986-12-31 18:00:00,3,40,6.0,162.13082885742188,20,35,39.65208826688325,37.709996036273026,38.44465823627189,0.9999999999999999,0.04220019100467722,0.00014236684925609814
1986353N03178,1987-01-01 00:00:00,3,40,12.0,2.470400810241699,20,30,39.38200031299182,37.25248836709276,38.44465823627189,0.9999999999999999,0.04220019100467722,0.00014236684925609814
1986353N03178,1987-01-01 06:00:00,3,40,18.0,41.3348503112793,18,25,39.17232787054856,35.6644462452928,38.44465823627189,0.9999999999999999,0.04220019100467722,0.00014236684925609814
1987219N08134,1987-08-12 00:00:00,2,135,0.0,101.9487533569336,11,135,134.99999999999997,133.02239060940468,40.612790532504235,0.9999999999999999,0.04578723658679158,0.00014368943186158153
1987219N08134,1987-08-12 06:00:00,2,135,6.0,67.42225646972656,13,125,112.32651550675104,117.97969875279634,40.612790532504235,0.9999999999999999,0.04578723658679158,0.00014368943186158153
1987219N08134,1987-08-12 12:00:00,2,135,12.0,71.40637969970703,14,120,95.09960478092168,102.18997506427579,40.612790532504235,0.9999999999999999,0.04578723658679158,0.00014368943186158153
1987219N08155,1987-08-17 18:00:00,5,75,0.0,429.53173828125,7,75,74.99999999999999,70.20020295693796,40.03519502993008,0.9999999999999999,0.04436492556713584,0.00014899316675311556
1987219N08155,1987-08-18 00:00:00,5,75,6.0,473.750732421875,9,70,66.82851039895394,64.67755898144662,40.03519502993008,0.9999999999999999,0.04436492556713584,0.00014899316675311556
1987219N08155,1987-08-18 06:00:00,5,75,12.0,261.48614501953125,9,60,60.566748089599116,62.02098758352537,40.03519502993008,0.9999999999999999,0.04436492556713584,0.00014899316675311556
1987219N08155,1987-08-18 12:00:00,5,75,18.0,302.0090026855469,10,50,55.76839807837996,56.53964603889182,40.03519502993008,0.9999999999999999,0.04436492556713584,0.00014899316675311556
1987320N03171,1987-11-25 12:00:00,2,145,0.0,75.93192291259766,17,145,144.99999999999997,143.41796084479705,40.612790532504235,0.9999999999999999,0.04578723658679158,0.00014368943186158153
1987320N03171,1987-11-25 18:00:00,2,145,6.0,64.20100402832031,18,130,119.92433785777021,125.53595233056448,40.612790532504235,0.9999999999999999,0.04578723658679158,0.00014368943186158153
1987320N03171,1987-11-26 00:00:00,2,145,12.0,237.8138885498047,18,110,100.87229522868634,103.79231167381832,40.612790532504235,0.9999999999999999,0.04578723658679158,0.00014368943186158153
1987343N05154,1987-12-15 18:00:00,1,90,0.0,58.34197616577149,12,90,89.97376195568856,89.28649378438676,34.41551272915655,0.9997084661743173,0.03554207213302682,0.00013588581260293818
1987343N05154,1987-12-16 00:00:00,1,90,6.0,113.97366333007812,10,100,79.30392007799253,82.00208316037248,34.41551272915655,0.9997084661743173,0.03554207213302682,0.00013588581260293818
1987343N05154,1987-12-16 06:00:00,1,90,12.0,57.58343124389648,8,90,70.6831983090106,76.08766959376061,34.41551272915655,0.9997084661743173,0.03554207213302682,0.00013588581260293818
1987343N05154,1987-12-16 12:00:00,1,90,18.0,39.98892593383789,6,85,63.718067553554036,69.69879502988417,34.41551272915655,0.9997084661743173,0.03554207213302682,0.00013588581260293818
1987343N05154,1987-12-16 18:00:00,1,90,24.0,65.42323303222656,6,80,58.09057512998912,62.78369000345623,34.41551272915655,0.9997084661743173,0.03554207213302682,0.00013588581260293818
1988005N03174,1988-01-16 00:00:00,4,75,0.0,60.99953842163086,14,75,74.99999999999999,74.34084115155379,40.303627811744825,0.9999999999999999,0.044664782000984615,0.000144079527048239
1988005N03174,1988-01-16 06:00:00,4,75,6.0,91.67047882080078,11,65,66.84345298507165,69.14672801966294,40.303627811744825,0.9999999999999999,0.044664782000984615,0.000144079527048239
1988005N03174,1988-01-16 12:00:00,4,75,12.0,70.25765991210938,10,50,60.604376155376585,64.51543014336991,40.303627811744825,0.9999999999999999,0.044664782000984615,0.000144079527048239
1988005N03174,1988-01-16 18:00:00,4,75,18.0,217.058349609375,12,40,55.832003775790696,58.06642305984654,40.303627811744825,0.9999999999999999,0.044664782000984615,0.000144079527048239
1988177N07137,1988-06-27 06:00:00,2,45,0.0,36.51487731933594,20,45,44.99999999999999,44.76389391105702,40.612790532504235,0.9999999999999999,0.04578723658679158,0.00014368943186158153
1988177N07137,1988-06-27 12:00:00,2,45,6.0,95.16839599609376,21,35,43.94611434757846,42.638812229048234,40.612790532504235,0.9999999999999999,0.04578723658679158,0.00014368943186158153
1988177N07137,1988-06-27 18:00:00,2,45,12.0,186.710205078125,21,35,43.14539075103978,40.30107405769399,40.612790532504235,0.9999999999999999,0.04578723658679158,0.00014368943186158153
1988177N07137,1988-06-28 00:00:00,2,45,18.0,30.280635833740234,22,40,42.53701518716277,39.566724877474265,40.612790532504235,0.9999999999999999,0.04578723658679158,0.00014368943186158153
1988308N09140,1988-11-07 00:00:00,3,120,0.0,39.597469329833984,15,120,119.99999999999999,119.3235159663596,38.44465823627189,0.9999999999999999,0.04220019100467722,0.00014236684925609814
1988308N09140,1988-11-07 06:00:00,3,120,6.0,87.32367706298828,17,105,101.75702539489727,106.20766461200336,38.44465823627189,0.9999999999999999,0.04220019100467722,0.00014236684925609814
1988308N09140,1988-11-07 12:00:00,3,120,12.0,61.78251647949219,17,100,87.594790508924,94.34351458331045,38.44465823627189,0.9999999999999999,0.04220019100467722,0.00014236684925609814
1989134N07138,1989-05-16 18:00:00,3,45,0.0,120.32261657714844,15,45,44.99999999999999,44.22915216826478,38.44465823627189,0.9999999999999999,0.04220019100467722,0.00014236684925609814
1989134N07138,1989-05-17 00:00:00,3,45,6.0,52.72068786621094,16,50,43.53364683738412,42.93248726154271,38.44465823627189,0.9999999999999999,0.04220019100467722,0.00014236684925609814
1989134N07138,1989-05-17 06:00:00,3,45,12.0,66.34635162353516,15,50,42.39529970023758,41.11543711626422,38.44465823627189,0.9999999999999999,0.04220019100467722,0.00014236684925609814
1989134N07138,1989-05-17 12:00:00,3,45,18.0,134.9504852294922,14,40,41.51158748295832,38.946166952168525,38.44465823627189,0.9999999999999999,0.04220019100467722,0.00014236684925609814
1989134N07138,1989-05-17 18:00:00,3,45,24.0,186.87542724609372,12,35,40.825551336790994,36.88375216603502,38.44465823627189,0.9999999999999999,0.04220019100467722,0.00014236684925609814
1989153N04144,1989-06-06 00:00:00,1,40,0.0,104.60348510742188,13,40,39.98833864697269,39.431434817003144,34.41551272915655,0.9997084661743173,0.03554207213302682,0.00013588581260293818
1989153N04144,1989-06-06 06:00:00,1,40,6.0,64.0956039428711,14,40,38.91808945476761,38.34710886996967,34.41551272915655,0.9997084661743173,0.03554207213302682,0.00013588581260293818
1989153N04144,1989-06-06 12:00:00,1,40,12.0,63.77901458740234,14,45,38.05337931049039,37.04432586905463,34.41551272915655,0.9997084661743173,0.03554207213302682,0.00013588581260293818
1989153N04144,1989-06-06 18:00:00,1,40,18.0,243.9056396484375,15,50,37.35473488350851,34.760755955352685,34.41551272915655,0.9997084661743173,0.03554207213302682,0.00013588581260293818
1989153N04144,1989-06-07 00:00:00,1,40,24.0,188.92446899414065,13,50,36.79026361116,33.75509859645328,34.41551272915655,0.9997084661743173,0.03554207213302682,0.00013588581260293818
1989190N20160,1989-07-15 18:00:00,5,140,0.0,320.72735595703125,14,140,139.99999999999997,133.30993418002515,40.03519502993008,0.9999999999999999,0.04436492556713584,0.00014899316675311556
1989190N20160,1989-07-16 00:00:00,5,140,6.0,359.7316589355469,11,120,116.63761130706257,114.97474532337137,40.03519502993008,0.9999999999999999,0.04436492556713584,0.00014899316675311556
1989190N20160,1989-07-16 06:00:00,5,140,12.0,137.50845336914062,12,110,98.7351562938168,102.08851239047642,40.03519502993008,0.9999999999999999,0.04436492556713584,0.00014899316675311556
1989279N07151,1989-10-10 12:00:00,3,65,0.0,60.99953842163086,20,65,64.99999999999999,64.43551971407435,38.44465823627189,0.9999999999999999,0.04220019100467722,0.00014236684925609814
1989279N07151,1989-10-10 18:00:00,3,65,6.0,85.50541687011719,20,65,59.059881119387626,60.59974647973961,38.44465823627189,0.9999999999999999,0.04220019100467722,0.00014236684925609814
1989279N07151,1989-10-11 00:00:00,3,65,12.0,100.12248229980467,20,65,54.44849724922062,56.855482790308855,38.44465823627189,0.9999999999999999,0.04220019100467722,0.00014236684925609814
1989286N14137,1989-10-19 06:00:00,3,140,6.0,659.1818237304688,16,80,117.28325967690077,110.11926902108749,38.44465823627189,0.9999999999999999,0.04220019100467722,0.00014236684925609814
1989286N14137,1989-10-19 12:00:00,3,140,12.0,62.61510848999024,14,60,99.64798805790706,105.2673128553489,38.44465823627189,0.9999999999999999,0.04220019100467722,0.00014236684925609814
1989314N10152,1989-11-21 18:00:00,1,90,0.0,298.7236328125,8,90,89.97376195568856,86.34669267704146,34.41551272915655,0.9997084661743173,0.03554207213302682,0.00013588581260293818
1989314N10152,1989-11-22 00:00:00,1,90,6.0,387.7534790039063,8,75,79.30392007799253,78.6538318149316,34.41551272915655,0.9997084661743173,0.03554207213302682,0.00013588581260293818
1989314N10152,1989-11-22 06:00:00,1,90,12.0,404.1043090820313,8,55,70.6831983090106,71.84981519755794,34.41551272915655,0.9997084661743173,0.03554207213302682,0.00013588581260293818
1989314N10152,1989-11-22 12:00:00,1,90,18.0,49.7788200378418,6,40,63.718067553554036,69.57906733547844,34.41551272915655,0.9997084661743173,0.03554207213302682,0.00013588581260293818
1990232N13141,1990-08-26 06:00:00,4,60,0.0,128.37374877929688,11,60,59.99999999999999,58.890238259428166,40.303627811744825,0.9999999999999999,0.044664782000984615,0.000144079527048239
1990232N13141,1990-08-26 12:00:00,4,60,6.0,403.6349487304688,11,65,55.36970652420507,53.39855026496447,40.303627811744825,0.9999999999999999,0.044664782000984615,0.000144079527048239
1990232N13141,1990-08-26 18:00:00,4,60,12.0,127.17019653320312,10,65,51.82791896549337,52.67640712524794,40.303627811744825,0.9999999999999999,0.044664782000984615,0.000144079527048239
1990310N07152,1990-11-12 18:00:00,2,120,0.0,114.1303939819336,17,120,119.99999999999999,118.0320802236717,40.612790532504235,0.9999999999999999,0.04578723658679158,0.00014368943186158153
1990310N07152,1990-11-13 00:00:00,2,120,6.0,173.89208984375,16,105,100.92978198022229,104.58685841577477,40.612790532504235,0.9999999999999999,0.04578723658679158,0.00014368943186158153
1990310N07152,1990-11-13 06:00:00,2,120,12.0,275.7118225097656,15,95,86.4405691092747,90.41644115824478,40.612790532504235,0.9999999999999999,0.04578723658679158,0.00014368943186158153
1991289N06156,1991-10-27 12:00:00,3,100,0.0,210.5904541015625,6,100,99.99999999999999,97.00189005661495,38.44465823627189,0.9999999999999999,0.04220019100467722,0.00014236684925609814
1991289N06156,1991-10-27 18:00:00,3,100,6.0,402.2428894042969,5,85,86.23079111289377,85.73138376461822,38.44465823627189,0.9999999999999999,0.04220019100467722,0.00014236684925609814
1991289N06156,1991-10-28 00:00:00,3,100,12.0,473.82623291015625,4,70,75.54159295994097,76.17026330183772,38.44465823627189,0.9999999999999999,0.04220019100467722,0.00014236684925609814
1991289N06156,1991-10-28 06:00:00,3,100,18.0,548.023193359375,4,65,67.24344321946575,66.57193359811836,38.44465823627189,0.9999999999999999,0.04220019100467722,0.00014236684925609814
1991289N06156,1991-10-28 12:00:00,3,100,24.0,328.24713134765625,5,60,60.801492370577506,61.1588051918046,38.44465823627189,0.9999999999999999,0.04220019100467722,0.00014236684925609814
1991304N08140,1991-11-04 18:00:00,1,45,0.0,81.92655944824219,8,45,44.98688097784428,44.49903043030257,34.41551272915655,0.9997084661743173,0.03554207213302682,0.00013588581260293818
1991304N08140,1991-11-05 00:00:00,1,45,6.0,131.7161407470703,9,40,42.956672517090105,42.543561410049065,34.41551272915655,0.9997084661743173,0.03554207213302682,0.00013588581260293818
1991304N08140,1991-11-05 06:00:00,1,45,12.0,96.53097534179688,10,35,41.316361210342414,41.10770120259326,34.41551272915655,0.9997084661743173,0.03554207213302682,0.00013588581260293818
1991304N08140,1991-11-05 12:00:00,1,45,18.0,152.0353546142578,12,35,39.991068150513065,39.11728698384686,34.41551272915655,0.9997084661743173,0.03554207213302682,0.00013588581260293818
1991304N08140,1991-11-05 18:00:00,1,45,24.0,170.0244598388672,14,35,38.92029476304291,37.3562734725561,34.41551272915655,0.9997084661743173,0.03554207213302682,0.00013588581260293818
1991317N09141,1991-11-16 12:00:00,1,45,0.0,103.9612274169922,12,45,44.98688097784428,44.36429148599594,34.41551272915655,0.9997084661743173,0.03554207213302682,0.00013588581260293818
1991317N09141,1991-11-16 18:00:00,1,45,6.0,100.95440673828124,9,45,42.956672517090105,42.73166515507775,34.41551272915655,0.9997084661743173,0.03554207213302682,0.00013588581260293818
1991317N09141,1991-11-17 00:00:00,1,45,12.0,132.63375854492188,8,45,41.316361210342414,40.88693768111796,34.41551272915655,0.9997084661743173,0.03554207213302682,0.00013588581260293818
1991317N09141,1991-11-17 06:00:00,1,45,18.0,101.27147674560548,8,45,39.991068150513065,39.427701069624476,34.41551272915655,0.9997084661743173,0.03554207213302682,0.00013588581260293818
1991317N09141,1991-11-17 12:00:00,1,45,24.0,273.77117919921875,8,45,38.92029476304291,36.72187664562343,34.41551272915655,0.9997084661743173,0.03554207213302682,0.00013588581260293818
1993164N04160,1993-06-25 18:00:00,4,110,0.0,345.1283874511719,15,110,110.0,104.53014716816251,40.303627811744825,0.9999999999999999,0.044664782000984615,0.000144079527048239
1993164N04160,1993-06-26 00:00:00,4,110,6.0,603.0843505859375,13,105,93.61552806042701,89.98169445601006,40.303627811744825,0.9999999999999999,0.044664782000984615,0.000144079527048239
1993164N04160,1993-06-26 06:00:00,4,110,12.0,127.17019653320312,15,90,81.08277626510412,87.06416427777079,40.303627811744825,0.9999999999999999,0.044664782000984615,0.000144079527048239
1993271N14134,1993-10-04 06:00:00,1,65,0.0,326.6544189453125,8,65,64.98105030133063,62.114799424682914,34.41551272915655,0.9997084661743173,0.03554207213302682,0.00013588581260293818
1993271N14134,1993-10-04 12:00:00,1,65,6.0,646.8938598632812,8,65,59.11100476638008,55.841554292516264,34.41551272915655,0.9997084661743173,0.03554207213302682,0.00013588581260293818
1993271N14134,1993-10-04 18:00:00,1,65,12.0,466.02874755859375,8,60,54.368288809750496,53.99435412223964,34.41551272915655,0.9997084661743173,0.03554207213302682,0.00013588581260293818
1993271N14134,1993-10-05 00:00:00,1,65,18.0,90.71661376953124,3,55,50.536401218531275,53.864622400933676,34.41551272915655,0.9997084661743173,0.03554207213302682,0.00013588581260293818
1993271N14134,1993-10-05 06:00:00,1,65,24.0,194.65347290039065,4,50,47.44041937057456,49.50188665489358,34.41551272915655,0.9997084661743173,0.03554207213302682,0.00013588581260293818
1993271N14134,1993-10-05 12:00:00,1,65,30.0,466.02874755859375,6,50,44.93901415585956,43.660238073786196,34.41551272915655,0.9997084661743173,0.03554207213302682,0.00013588581260293818
1993271N14134,1993-10-05 18:00:00,1,65,36.0,831.3778076171875,9,50,42.91799841497822,36.988558720165905,34.41551272915655,0.9997084661743173,0.03554207213302682,0.00013588581260293818
1993271N14134,1993-10-06 00:00:00,1,65,42.0,405.75286865234375,13,45,41.28511438608828,37.30321876587682,34.41551272915655,0.9997084661743173,0.03554207213302682,0.00013588581260293818
1993271N14134,1993-10-06 06:00:00,1,65,48.0,65.63363647460938,15,40,39.965822211431046,36.86264300240566,34.41551272915655,0.9997084661743173,0.03554207213302682,0.00013588581260293818
1993298N11154,1993-11-01 06:00:00,4,105,0.0,396.5467224121094,12,105,105.0,99.00090225714507,40.303627811744825,0.9999999999999999,0.044664782000984615,0.000144079527048239
1993298N11154,1993-11-01 12:00:00,4,105,6.0,591.5748291015625,11,85,89.79094590680481,86.51958801874642,40.303627811744825,0.9999999999999999,0.044664782000984615,0.000144079527048239
1993298N11154,1993-11-01 18:00:00,4,105,12.0,208.65020751953125,9,65,78.15729053514303,82.78174513363523,40.303627811744825,0.9999999999999999,0.044664782000984615,0.000144079527048239
1993322N09137,1993-11-20 06:00:00,3,35,0.0,130.21543884277344,10,35,34.99999999999999,34.3511573386609,38.44465823627189,0.9999999999999999,0.04220019100467722,0.00014236684925609814
1993322N09137,1993-11-20 12:00:00,3,35,6.0,107.03922271728516,11,35,35.77052969638237,33.42024436698982,38.44465823627189,0.9999999999999999,0.04220019100467722,0.00014236684925609814
1993322N09137,1993-11-20 18:00:00,3,35,12.0,56.37564468383789,13,40,36.368700925746055,32.626296514140684,38.44465823627189,0.9999999999999999,0.04220019100467722,0.00014236684925609814
1993322N09137,1993-11-21 00:00:00,3,35,18.0,145.85951232910156,13,40,36.83306825813879,31.134016401751655,38.44465823627189,0.9999999999999999,0.04220019100467722,0.00014236684925609814
1993331N05172,1993-12-05 12:00:00,4,80,0.0,98.3995132446289,8,80,79.99999999999999,78.86581157359495,40.303627811744825,0.9999999999999999,0.044664782000984615,0.000144079527048239
1993331N05172,1993-12-05 18:00:00,4,80,6.0,89.41972351074219,10,75,70.66803513869384,73.43666204357066,40.303627811744825,0.9999999999999999,0.044664782000984615,0.000144079527048239
1993331N05172,1993-12-06 00:00:00,4,80,12.0,210.6968231201172,11,70,63.52986188533766,66.5061244326382,40.303627811744825,0.9999999999999999,0.044664782000984615,0.000144079527048239
1993331N05172,1993-12-06 06:00:00,4,80,18.0,132.5198211669922,9,65,58.0697558784878,61.87456703138227,40.303627811744825,0.9999999999999999,0.044664782000984615,0.000144079527048239
1993353N05159,1993-12-26 06:00:00,5,65,0.0,159.52149963378906,13,65,64.99999999999999,63.455105129283126,40.03519502993008,0.9999999999999999,0.04436492556713584,0.00014899316675311556
1993353N05159,1993-12-26 12:00:00,5,65,6.0,117.54802703857422,14,65,59.16557179770645,60.08462279119475,40.03519502993008,0.9999999999999999,0.04436492556713584,0.00014899316675311556
1993353N05159,1993-12-26 18:00:00,5,65,12.0,116.89689636230467,13,65,54.69468528895025,56.313951925396054,40.03519502993008,0.9999999999999999,0.04436492556713584,0.00014899316675311556
1993353N05159,1993-12-27 00:00:00,5,65,18.0,225.30892944335935,12,65,51.26867240797579,51.48705276021674,40.03519502993008,0.9999999999999999,0.04436492556713584,0.00014899316675311556
1994088N09148,1994-04-04 06:00:00,5,70,0.0,124.47018432617188,13,70,69.99999999999999,68.70183551496298,40.03519502993008,0.9999999999999999,0.04436492556713584,0.00014899316675311556
1994088N09148,1994-04-04 12:00:00,5,70,6.0,187.54771423339844,11,60,62.99704109833019,63.66356794719243,40.03519502993008,0.9999999999999999,0.04436492556713584,0.00014899316675311556
1994088N09148,1994-04-04 18:00:00,5,70,12.0,160.7162322998047,10,55,57.63071668927468,59.5630083669884,40.03519502993008,0.9999999999999999,0.04436492556713584,0.00014899316675311556
1994287N14156,1994-10-21 00:00:00,2,75,0.0,117.33734130859376,9,75,74.99999999999999,73.73548980684147,40.612790532504235,0.9999999999999999,0.04578723658679158,0.00014368943186158153
1994287N14156,1994-10-21 06:00:00,2,75,6.0,174.72645568847656,11,65,66.73958140063598,68.26750578849175,40.612790532504235,0.9999999999999999,0.04578723658679158,0.00014368943186158153
1994287N14156,1994-10-21 12:00:00,2,75,12.0,54.2433967590332,12,55,60.46346209433375,64.71639813465217,40.612790532504235,0.9999999999999999,0.04578723658679158,0.00014368943186158153
1994345N06165,1994-12-21 12:00:00,4,85,0.0,137.33181762695312,8,85,84.99999999999999,83.31813021674886,40.303627811744825,0.9999999999999999,0.044664782000984615,0.000144079527048239
1994345N06165,1994-12-21 18:00:00,4,85,6.0,93.50102996826172,10,75,74.49261729231603,77.60906784746906,40.303627811744825,0.9999999999999999,0.044664782000984615,0.000144079527048239
1994345N06165,1994-12-22 00:00:00,4,85,12.0,26.4511775970459,12,70,66.45534761529873,72.18436378648332,40.303627811744825,0.9999999999999999,0.044664782000984615,0.000144079527048239
1995264N06174,1995-09-29 12:00:00,1,65,0.0,111.56427764892578,11,65,64.98105030133063,64.01459983582403,34.41551272915655,0.9997084661743173,0.03554207213302682,0.00013588581260293818
1995264N06174,1995-09-29 18:00:00,1,65,6.0,62.86441421508789,11,75,59.11100476638008,61.000039819902895,34.41551272915655,0.9997084661743173,0.03554207213302682,0.00013588581260293818
1995264N06174,1995-09-30 00:00:00,1,65,12.0,67.22527313232422,10,90,54.368288809750496,57.516816844673414,34.41551272915655,0.9997084661743173,0.03554207213302682,0.00013588581260293818
1995264N06174,1995-09-30 06:00:00,1,65,18.0,68.34748077392578,8,90,50.536401218531275,54.06219950886519,34.41551272915655,0.9997084661743173,0.03554207213302682,0.00013588581260293818
1995293N05177,1995-11-02 18:00:00,2,140,0.0,95.48107147216795,11,140,139.99999999999997,138.07925307212807,40.612790532504235,0.9999999999999999,0.04578723658679158,0.00014368943186158153
1995293N05177,1995-11-03 00:00:00,2,140,6.0,119.02220916748048,15,140,116.12542668226062,120.70781010709203,40.612790532504235,0.9999999999999999,0.04578723658679158,0.00014368943186158153
1995293N05177,1995-11-03 06:00:00,2,140,12.0,134.664306640625,15,120,97.98595000480401,103.4952683463045,40.612790532504235,0.9999999999999999,0.04578723658679158,0.00014368943186158153
1995294N05163,1995-10-28 00:00:00,4,70,0.0,76.01118469238281,14,70,69.99999999999999,69.23338411214016,40.303627811744825,0.9999999999999999,0.044664782000984615,0.000144079527048239
1995294N05163,1995-10-28 06:00:00,4,70,6.0,109.87943267822266,14,80,63.01887083144945,64.65586553629927,40.303627811744825,0.9999999999999999,0.044664782000984615,0.000144079527048239
1995294N05163,1995-10-28 12:00:00,4,70,12.0,133.0537567138672,12,90,57.67889042541551,60.186201245810764,40.303627811744825,0.9999999999999999,0.044664782000984615,0.000144079527048239
1995294N05163,1995-10-28 18:00:00,4,70,18.0,296.552490234375,12,75,53.59425167309359,54.30128573668908,40.303627811744825,0.9999999999999999,0.044664782000984615,0.000144079527048239
1996090N04150,1996-04-07 00:00:00,4,40,0.0,67.65154266357422,8,40,39.99999999999999,39.610111909157936,40.303627811744825,0.9999999999999999,0.044664782000984615,0.000144079527048239
1996090N04150,1996-04-07 06:00:00,4,40,6.0,131.39474487304688,10,40,40.0713779097163,37.8595848324196,40.303627811744825,0.9999999999999999,0.044664782000984615,0.000144079527048239
1996090N04150,1996-04-07 12:00:00,4,40,12.0,53.15338134765625,8,40,40.12597604564906,36.927340518850414,40.303627811744825,0.9999999999999999,0.044664782000984615,0.000144079527048239
1996090N04150,1996-04-07 18:00:00,4,40,18.0,33.39067459106445,4,35,40.16773905691096,35.65807311689463,40.303627811744825,0.9999999999999999,0.044664782000984615,0.000144079527048239
1996090N04150,1996-04-08 00:00:00,4,40,24.0,43.478458404541016,2,35,40.19968427042172,34.21677193239911,40.303627811744825,0.9999999999999999,0.044664782000984615,0.000144079527048239
1996090N04150,1996-04-08 06:00:00,4,40,30.0,51.71981430053711,1,30,40.22411968911909,32.78611204634676,40.303627811744825,0.9999999999999999,0.044664782000984615,0.000144079527048239
1996090N04150,1996-04-08 12:00:00,4,40,36.0,56.65745162963867,1,30,40.24281074237235,31.37449208863916,40.303627811744825,0.9999999999999999,0.044664782000984615,0.000144079527048239
1996282N11162,1996-10-17 18:00:00,4,90,0.0,231.99974060058597,7,90,89.99999999999999,86.99162283890581,40.303627811744825,0.9999999999999999,0.044664782000984615,0.000144079527048239
1996282N11162,1996-10-18 00:00:00,4,90,6.0,416.7843933105469,7,75,78.31719944593823,77.59322614122121,40.303627811744825,0.9999999999999999,0.044664782000984615,0.000144079527048239
1996282N11162,1996-10-18 06:00:00,4,90,12.0,398.95751953125,6,75,69.38083334525982,70.82212500553507,40.303627811744825,0.9999999999999999,0.044664782000984615,0.000144079527048239
1997283N07177,1997-10-19 18:00:00,5,120,0.0,247.35983276367188,5,120,119.99999999999999,115.57740902268233,40.03519502993008,0.9999999999999999,0.04436492556713584,0.00014899316675311556
1997283N07177,1997-10-20 00:00:00,5,120,6.0,164.23365783691406,3,110,101.31173410456762,104.19062726030248,40.03519502993008,0.9999999999999999,0.04436492556713584,0.00014899316675311556
1997283N07177,1997-10-20 06:00:00,5,120,12.0,115.16545867919922,3,100,86.99103069251906,92.19491681835896,40.03519502993008,0.9999999999999999,0.04436492556713584,0.00014899316675311556
1998217N10130,1998-08-08 00:00:00,4,35,0.0,275.80938720703125,10,35,34.99999999999999,33.60915298775112,40.303627811744825,0.9999999999999999,0.044664782000984615,0.000144079527048239
1998217N10130,1998-08-08 06:00:00,4,35,6.0,586.6837768554688,12,30,36.2467957560941,30.982496237828073,40.303627811744825,0.9999999999999999,0.044664782000984615,0.000144079527048239
1998217N10130,1998-08-08 12:00:00,4,35,12.0,98.20880889892578,12,30,37.200490315687986,32.3867851965564,40.303627811744825,0.9999999999999999,0.044664782000984615,0.000144079527048239
1998259N17118,1998-09-18 12:00:00,1,70,0.0,77.80795288085938,5,70,69.97959263220221,69.25989021670694,34.41551272915655,0.9997084661743173,0.03554207213302682,0.00013588581260293818
1998259N17118,1998-09-18 18:00:00,1,70,6.0,194.65347290039065,5,85,63.149587828702565,64.15341193559986,34.41551272915655,0.9997084661743173,0.03554207213302682,0.00013588581260293818
1998259N17118,1998-09-19 00:00:00,1,70,12.0,446.3622741699219,7,80,57.63127070960252,57.76411319508596,34.41551272915655,0.9997084661743173,0.03554207213302682,0.00013588581260293818
1998259N17118,1998-09-19 06:00:00,1,70,18.0,659.1818237304688,11,50,53.17273448553583,51.744729284471745,34.41551272915655,0.9997084661743173,0.03554207213302682,0.00013588581260293818
1998259N17118,1998-09-19 12:00:00,1,70,24.0,348.3785095214844,12,45,49.57045052245748,50.70604965771356,34.41551272915655,0.9997084661743173,0.03554207213302682,0.00013588581260293818
1998281N11151,1998-10-14 00:00:00,4,155,0.0,343.8197631835937,11,155,154.99999999999997,147.32170472525388,40.303627811744825,0.9999999999999999,0.044664782000984615,0.000144079527048239
1998281N11151,1998-10-14 06:00:00,4,155,6.0,308.6519470214844,7,120,128.03676744302672,127.33802006084343,40.303627811744825,0.9999999999999999,0.044664782000984615,0.000144079527048239
1998281N11151,1998-10-14 12:00:00,4,155,12.0,429.8499755859375,6,100,107.41214783475377,103.86232226845425,40.303627811744825,0.9999999999999999,0.044664782000984615,0.000144079527048239
1998281N11151,1998-10-14 18:00:00,4,155,18.0,271.54364013671875,8,90,91.63603741894437,86.62860724519142,40.303627811744825,0.9999999999999999,0.044664782000984615,0.000144079527048239
1998285N12149,1998-10-21 12:00:00,1,130,0.0,87.47782897949219,7,130,129.96210060266125,128.45469053616952,34.41551272915655,0.9997084661743173,0.03554207213302682,0.00013588581260293818
1998285N12149,1998-10-21 18:00:00,1,130,6.0,113.30225372314452,6,120,111.61258457657249,114.21967665586328,34.41551272915655,0.9997084661743173,0.03554207213302682,0.00013588581260293818
1998285N12149,1998-10-22 00:00:00,1,130,12.0,99.334228515625,6,105,96.78705350782678,100.68760259717702,34.41551272915655,0.9997084661743173,0.03554207213302682,0.00013588581260293818
1998285N12149,1998-10-22 06:00:00,1,130,18.0,59.96435928344727,7,90,84.80873368959044,87.60425606668827,34.41551272915655,0.9997084661743173,0.03554207213302682,0.00013588581260293818
1998342N06141,1998-12-10 12:00:00,1,65,0.0,115.08547973632812,16,65,64.98105030133063,63.98349854436996,34.41551272915655,0.9997084661743173,0.03554207213302682,0.00013588581260293818
1998342N06141,1998-12-10 18:00:00,1,65,6.0,33.39067459106445,18,65,59.11100476638008,61.26036891875466,34.41551272915655,0.9997084661743173,0.03554207213302682,0.00013588581260293818
1998342N06141,1998-12-11 00:00:00,1,65,12.0,88.69770050048828,16,75,54.368288809750496,57.32715995897718,34.41551272915655,0.9997084661743173,0.03554207213302682,0.00013588581260293818
1999230N12129,1999-08-20 00:00:00,3,50,0.0,211.14501953125,13,50,49.99999999999999,48.49699744166093,38.44465823627189,0.9999999999999999,0.04220019100467722,0.00014236684925609814
1999230N12129,1999-08-20 06:00:00,3,50,6.0,349.7138366699219,10,55,47.415205407885,45.375114407760606,38.44465823627189,0.9999999999999999,0.04220019100467722,0.00014236684925609814
1999230N12129,1999-08-20 12:00:00,3,50,12.0,161.51690673828125,7,55,45.408599087483346,44.579261866621046,38.44465823627189,0.9999999999999999,0.04220019100467722,0.00014236684925609814
1999275N16135,1999-10-05 00:00:00,3,110,0.0,232.90386962890625,10,110,109.99999999999999,106.35264308915175,38.44465823627189,0.9999999999999999,0.04220019100467722,0.00014236684925609814
1999275N16135,1999-10-05 06:00:00,3,110,6.0,289.8584289550781,12,100,93.99390825389551,95.124881305335,38.44465823627189,0.9999999999999999,0.04220019100467722,0.00014236684925609814
1999275N16135,1999-10-05 12:00:00,3,110,12.0,90.11024475097656,8,90,81.56819173443249,87.91717520861638,38.44465823627189,0.9999999999999999,0.04220019100467722,0.00014236684925609814
2000248N18126,2000-09-11 00:00:00,3,45,0.0,108.01168823242188,7,45,44.99999999999999,44.30802223185832,38.44465823627189,0.9999999999999999,0.04220019100467722,0.00014236684925609814
2000248N18126,2000-09-11 06:00:00,3,45,6.0,202.77316284179688,7,40,43.53364683738412,41.97117484770179,38.44465823627189,0.9999999999999999,0.04220019100467722,0.00014236684925609814
2000248N18126,2000-09-11 12:00:00,3,45,12.0,281.63885498046875,9,30,42.39529970023758,39.73616392455192,38.44465823627189,0.9999999999999999,0.04220019100467722,0.00014236684925609814
2000299N08139,2000-10-27 18:00:00,2,75,0.0,112.43470001220705,13,75,74.99999999999999,73.78832413752889,40.612790532504235,0.9999999999999999,0.04578723658679158,0.00014368943186158153
2000299N08139,2000-10-28 00:00:00,2,75,6.0,82.4592056274414,11,65,66.73958140063598,69.26184294404429,40.612790532504235,0.9999999999999999,0.04578723658679158,0.00014368943186158153
2000299N08139,2000-10-28 06:00:00,2,75,12.0,162.69082641601562,10,65,60.46346209433375,63.54769191808261,40.612790532504235,0.9999999999999999,0.04578723658679158,0.00014368943186158153
2000299N08139,2000-10-28 12:00:00,2,75,18.0,127.31094360351562,9,65,55.69497814002514,59.07945223730354,40.612790532504235,0.9999999999999999,0.04578723658679158,0.00014368943186158153
2000299N08139,2000-10-28 18:00:00,2,75,24.0,272.0930480957031,10,55,52.07196874317292,52.66965953660967,40.612790532504235,0.9999999999999999,0.04578723658679158,0.00014368943186158153
2000305N06136,2000-11-02 06:00:00,1,60,6.0,89.6942367553711,12,75,55.072421704057575,56.3335759929383,34.41551272915655,0.9997084661743173,0.03554207213302682,0.00013588581260293818
2000305N06136,2000-11-02 12:00:00,1,60,12.0,59.72507858276367,10,85,51.105306909898474,53.64278544539348,34.41551272915655,0.9997084661743173,0.03554207213302682,0.00013588581260293818
2000332N08133,2000-11-30 00:00:00,5,55,0.0,123.30481719970705,12,55,54.99999999999999,53.98956336452259,40.03519502993008,0.9999999999999999,0.04436492556713584,0.00014899316675311556
2000332N08133,2000-11-30 06:00:00,5,55,6.0,68.21163940429688,10,55,51.50263319645897,51.736805274396225,40.03519502993008,0.9999999999999999,0.04436492556713584,0.00014899316675311556
2000332N08133,2000-11-30 12:00:00,5,55,12.0,33.28974914550781,8,55,48.82262248830138,49.318751063853576,40.03519502993008,0.9999999999999999,0.04436492556713584,0.00014899316675311556
2002008N07141,2002-01-13 12:00:00,3,40,0.0,380.4341125488281,11,40,39.99999999999999,37.83355176187534,38.44465823627189,0.9999999999999999,0.04220019100467722,0.00014236684925609814
2002008N07141,2002-01-13 18:00:00,3,40,6.0,260.947509765625,14,30,39.65208826688325,37.14726725567918,38.44465823627189,0.9999999999999999,0.04220019100467722,0.00014236684925609814
2002008N07141,2002-01-14 00:00:00,3,40,12.0,59.54378890991211,15,20,39.38200031299182,36.92747402948794,38.44465823627189,0.9999999999999999,0.04220019100467722,0.00014236684925609814
2003144N16119,2003-05-27 00:00:00,1,55,0.0,153.1884002685547,8,55,54.98396563958745,53.85511283614898,34.41551272915655,0.9997084661743173,0.03554207213302682,0.00013588581260293818
2003144N16119,2003-05-27 06:00:00,1,55,6.0,591.5748291015625,10,45,51.03383864173509,48.11240805102162,34.41551272915655,0.9997084661743173,0.03554207213302682,0.00013588581260293818
2003144N16119,2003-05-27 12:00:00,1,55,12.0,328.8609924316406,10,35,47.84232501004645,47.609530127064325,34.41551272915655,0.9997084661743173,0.03554207213302682,0.00013588581260293818
2003144N16119,2003-05-27 18:00:00,1,55,18.0,361.4476318359375,13,35,45.26373468452217,44.89965921967115,34.41551272915655,0.9997084661743173,0.03554207213302682,0.00013588581260293818
2003196N05150,2003-07-22 06:00:00,5,115,6.0,577.692626953125,18,90,97.48026480394387,93.27908301967796,40.03519502993008,0.9999999999999999,0.04436492556713584,0.00014899316675311556
2003196N11137,2003-07-17 00:00:00,4,45,0.0,75.2509765625,11,45,44.99999999999999,44.51210436991306,40.303627811744825,0.9999999999999999,0.044664782000984615,0.000144079527048239
2003196N11137,2003-07-17 06:00:00,4,45,6.0,91.0998077392578,14,40,43.89596006333849,42.6587809717673,40.303627811744825,0.9999999999999999,0.044664782000984615,0.000144079527048239
2003196N11137,2003-07-17 12:00:00,4,45,12.0,44.06406021118164,14,40,43.051461775610136,41.213174689750446,40.303627811744825,0.9999999999999999,0.044664782000984615,0.000144079527048239
2003196N11137,2003-07-17 18:00:00,4,45,18.0,88.63209533691406,13,40,42.40549115960807,39.17364807210702,40.303627811744825,0.9999999999999999,0.044664782000984615,0.000144079527048239
2003196N11137,2003-07-18 00:00:00,4,45,24.0,28.60964775085449,13,45,41.91137762166289,37.81224208219239,40.303627811744825,0.9999999999999999,0.044664782000984615,0.000144079527048239
2003302N11133,2003-11-01 00:00:00,2,75,0.0,332.8996887207031,8,75,74.99999999999999,71.41243746456186,40.612790532504235,0.9999999999999999,0.04578723658679158,0.00014368943186158153
2003302N11133,2003-11-01 06:00:00,2,75,6.0,304.8937683105469,11,70,66.73958140063598,66.86473074867068,40.612790532504235,0.9999999999999999,0.04578723658679158,0.00014368943186158153
2003302N11133,2003-11-01 12:00:00,2,75,12.0,301.5838928222656,11,65,60.46346209433375,62.05088198297559,40.612790532504235,0.9999999999999999,0.04578723658679158,0.00014368943186158153
2003316N11141,2003-11-13 18:00:00,4,50,0.0,96.26272583007812,15,50,49.99999999999999,49.306525599501406,40.303627811744825,0.9999999999999999,0.044664782000984615,0.000144079527048239
2003316N11141,2003-11-14 00:00:00,4,50,6.0,35.5614128112793,16,50,47.72054221696068,47.5826235173256,40.303627811744825,0.9999999999999999,0.044664782000984615,0.000144079527048239
2003316N11141,2003-11-14 06:00:00,4,50,12.0,87.32628631591797,15,55,45.97694750557121,45.048517686989,40.303627811744825,0.9999999999999999,0.044664782000984615,0.000144079527048239
2003316N11141,2003-11-14 12:00:00,4,50,18.0,28.34906005859375,13,60,44.64324326230517,43.312195324554025,40.303627811744825,0.9999999999999999,0.044664782000984615,0.000144079527048239
2004319N10134,2004-11-19 12:00:00,2,85,0.0,75.86395263671875,9,85,84.99999999999999,84.07342789848276,40.612790532504235,0.9999999999999999,0.04578723658679158,0.00014368943186158153
2004319N10134,2004-11-19 18:00:00,2,85,6.0,81.10624694824219,13,80,74.33740375165516,77.78046373252491,40.612790532504235,0.9999999999999999,0.04578723658679158,0.00014368943186158153
2004319N10134,2004-11-20 00:00:00,2,85,12.0,267.7625732421875,14,75,66.23615254209841,69.27178083564885,40.612790532504235,0.9999999999999999,0.04578723658679158,0.00014368943186158153
2004319N10134,2004-11-20 06:00:00,2,85,18.0,29.94482421875,11,65,60.08096579097926,65.94745523017042,40.612790532504235,0.9999999999999999,0.04578723658679158,0.00014368943186158153
2005071N06152,2005-03-16 18:00:00,4,75,0.0,133.3336181640625,19,75,74.99999999999999,73.55920165164686,40.303627811744825,0.9999999999999999,0.044664782000984615,0.000144079527048239
2005071N06152,2005-03-17 00:00:00,4,75,6.0,152.73870849609375,18,55,66.84345298507165,68.48682689596623,40.303627811744825,0.9999999999999999,0.044664782000984615,0.000144079527048239
2005071N06152,2005-03-17 06:00:00,4,75,12.0,3.05176854133606,15,45,60.604376155376585,65.24165462163664,40.303627811744825,0.9999999999999999,0.044664782000984615,0.000144079527048239
2005311N08140,2005-11-10 12:00:00,4,45,0.0,479.8529052734375,13,45,44.99999999999999,41.88883591599659,40.303627811744825,0.9999999999999999,0.044664782000984615,0.000144079527048239
2005311N08140,2005-11-10 18:00:00,4,45,6.0,620.0596313476562,9,35,43.89596006333849,39.22922831718149,40.303627811744825,0.9999999999999999,0.044664782000984615,0.000144079527048239
2005311N08140,2005-11-11 00:00:00,4,45,12.0,440.7862854003906,11,35,43.051461775610136,38.640994913885066,40.303627811744825,0.9999999999999999,0.044664782000984615,0.000144079527048239
2005316N05134,2005-11-20 00:00:00,4,35,0.0,343.3645324707031,10,35,34.99999999999999,33.26848701947685,40.303627811744825,0.9999999999999999,0.044664782000984615,0.000144079527048239
2005316N05134,2005-11-20 06:00:00,4,35,6.0,278.07763671875,10,30,36.2467957560941,32.53873017285591,40.303627811744825,0.9999999999999999,0.044664782000984615,0.000144079527048239
2005316N05134,2005-11-20 12:00:00,4,35,12.0,275.59600830078125,8,25,37.200490315687986,31.49225996375832,40.303627811744825,0.9999999999999999,0.044664782000984615,0.000144079527048239
2006128N09138,2006-05-11 12:00:00,5,75,0.0,121.3529052734375,12,75,74.99999999999999,73.64394347614648,40.03519502993008,0.9999999999999999,0.04436492556713584,0.00014899316675311556
2006128N09138,2006-05-11 18:00:00,5,75,6.0,89.78721618652344,11,65,66.82851039895394,68.9681544965641,40.03519502993008,0.9999999999999999,0.04436492556713584,0.00014899316675311556
2006128N09138,2006-05-12 00:00:00,5,75,12.0,69.02445983886719,10,65,60.566748089599116,64.17164828005349,40.03519502993008,0.9999999999999999,0.04436492556713584,0.00014899316675311556
2006128N09138,2006-05-12 06:00:00,5,75,18.0,70.2880630493164,9,75,55.76839807837996,59.129008783847524,40.03519502993008,0.9999999999999999,0.04436492556713584,0.00014899316675311556
2006268N12129,2006-09-27 12:00:00,3,125,0.0,103.6584701538086,10,125,124.99999999999999,123.15530877568688,38.44465823627189,0.9999999999999999,0.04220019100467722,0.00014236684925609814
2006268N12129,2006-09-27 18:00:00,3,125,6.0,81.10624694824219,10,120,105.63858396539815,110.20975277811476,38.44465823627189,0.9999999999999999,0.04220019100467722,0.00014236684925609814
2006268N12129,2006-09-28 00:00:00,3,125,12.0,118.69320678710938,12,110,90.60808989616977,96.19396852968369,38.44465823627189,0.9999999999999999,0.04220019100467722,0.00014236684925609814
2006268N12129,2006-09-28 06:00:00,3,125,18.0,129.03038024902344,13,105,78.93974128151459,82.66311755992618,38.44465823627189,0.9999999999999999,0.04220019100467722,0.00014236684925609814
2006298N12143,2006-10-29 12:00:00,3,140,0.0,371.5067443847656,11,140,139.99999999999997,132.59536574543705,38.44465823627189,0.9999999999999999,0.04220019100467722,0.00014236684925609814
2006298N12143,2006-10-29 18:00:00,3,140,6.0,719.716064453125,13,115,117.28325967690077,108.91273934375621,38.44465823627189,0.9999999999999999,0.04220019100467722,0.00014236684925609814
2006298N12143,2006-10-30 00:00:00,3,140,12.0,125.2677230834961,12,95,99.64798805790706,104.01856110812213,38.44465823627189,0.9999999999999999,0.04220019100467722,0.00014236684925609814
2006311N16143,2006-11-11 00:00:00,2,105,0.0,481.2539367675781,12,105,104.99999999999999,97.7391340006953,40.612790532504235,0.9999999999999999,0.04578723658679158,0.00014368943186158153
2006311N16143,2006-11-11 06:00:00,2,105,6.0,305.8677978515625,11,80,89.53304845369351,90.88019722206175,40.612790532504235,0.9999999999999999,0.04578723658679158,0.00014368943186158153
2006311N16143,2006-11-11 12:00:00,2,105,12.0,104.6984634399414,10,95,77.78153343762773,84.41026157822387,40.612790532504235,0.9999999999999999,0.04578723658679158,0.00014368943186158153
2006329N06150,2006-11-30 06:00:00,5,125,0.0,97.5022430419922,11,125,124.99999999999999,123.18410400545521,40.03519502993008,0.9999999999999999,0.04436492556713584,0.00014899316675311556
2006329N06150,2006-11-30 12:00:00,5,125,6.0,82.83135223388672,12,115,105.14320340519136,109.48922743242423,40.03519502993008,0.9999999999999999,0.04436492556713584,0.00014899316675311556
2006329N06150,2006-11-30 18:00:00,5,125,12.0,262.4792785644531,12,100,89.9270620928435,92.17532886874196,40.03519502993008,0.9999999999999999,0.04436492556713584,0.00014899316675311556
2006329N06150,2006-12-01 00:00:00,5,125,18.0,116.17523956298828,9,95,78.26702643040079,80.93200724558733,40.03519502993008,0.9999999999999999,0.04436492556713584,0.00014899316675311556
2007306N18133,2007-11-04 12:00:00,5,65,0.0,331.4668273925781,13,65,64.99999999999999,61.789891001356146,40.03519502993008,0.9999999999999999,0.04436492556713584,0.00014899316675311556
2007306N18133,2007-11-04 18:00:00,5,65,6.0,708.5875244140625,14,65,59.16557179770645,54.36066777583541,40.03519502993008,0.9999999999999999,0.04436492556713584,0.00014899316675311556
2007306N18133,2007-11-05 00:00:00,5,65,12.0,98.56652069091795,8,55,54.69468528895025,56.49147347213458,40.03519502993008,0.9999999999999999,0.04436492556713584,0.00014899316675311556
2007324N10140,2007-11-25 18:00:00,4,75,0.0,236.9179534912109,13,75,74.99999999999999,72.43987299838122,40.303627811744825,0.9999999999999999,0.044664782000984615,0.000144079527048239
2007324N10140,2007-11-26 00:00:00,4,75,6.0,340.3033142089844,10,75,66.84345298507165,66.46001041980853,40.303627811744825,0.9999999999999999,0.044664782000984615,0.000144079527048239
2008135N12116,2008-05-17 12:00:00,1,75,0.0,332.7380676269531,10,75,74.9781349630738,71.60892129724351,34.41551272915655,0.9997084661743173,0.03554207213302682,0.00013588581260293818
2008135N12116,2008-05-17 18:00:00,1,75,6.0,765.9480590820312,9,55,67.18817089102507,62.60774324315045,34.41551272915655,0.9997084661743173,0.03554207213302682,0.00013588581260293818
2008135N12116,2008-05-18 00:00:00,1,75,12.0,258.6658935546875,15,45,60.89425260945454,63.19153076392589,34.41551272915655,0.9997084661743173,0.03554207213302682,0.00013588581260293818
2008169N08135,2008-06-20 06:00:00,1,75,0.0,104.3336410522461,12,75,74.9781349630738,73.93669038028442,34.41551272915655,0.9997084661743173,0.03554207213302682,0.00013588581260293818
2008169N08135,2008-06-20 12:00:00,1,75,6.0,65.95491027832031,9,80,67.18817089102507,69.74167858127657,34.41551272915655,0.9997084661743173,0.03554207213302682,0.00013588581260293818
2008169N08135,2008-06-20 18:00:00,1,75,12.0,30.58803367614746,7,95,60.89425260945454,65.51597166340098,34.41551272915655,0.9997084661743173,0.03554207213302682,0.00013588581260293818
2008272N08139,2008-09-30 06:00:00,2,40,0.0,100.23553466796876,15,40,39.99999999999999,39.423888518848706,40.612790532504235,0.9999999999999999,0.04578723658679158,0.00014368943186158153
2008272N08139,2008-09-30 12:00:00,2,40,6.0,71.00816345214844,12,40,40.14720317206887,38.21245654756988,40.612790532504235,0.9999999999999999,0.04578723658679158,0.00014368943186158153
2008272N08139,2008-09-30 18:00:00,2,40,12.0,110.38655090332033,9,35,40.25904552715745,36.60670767687933,40.612790532504235,0.9999999999999999,0.04578723658679158,0.00014368943186158153
2008272N08139,2008-10-01 00:00:00,2,40,18.0,86.49044799804688,10,35,40.34402136168571,35.36463382901473,40.612790532504235,0.9999999999999999,0.04578723658679158,0.00014368943186158153
2008272N08139,2008-10-01 06:00:00,2,40,24.0,125.36168670654295,12,30,40.40858449117325,33.76179983491236,40.612790532504235,0.9999999999999999,0.04578723658679158,0.00014368943186158153
2008272N08139,2008-10-01 12:00:00,2,40,30.0,96.2334442138672,14,30,40.45763841000046,32.54979811363714,40.612790532504235,0.9999999999999999,0.04578723658679158,0.00014368943186158153
2009123N10111,2009-05-07 12:00:00,5,75,0.0,379.883056640625,15,75,74.99999999999999,70.7550015296445,40.03519502993008,0.9999999999999999,0.04436492556713584,0.00014899316675311556
2009123N10111,2009-05-07 18:00:00,5,75,6.0,410.1294250488281,16,45,66.82851039895394,65.3884944858329,40.03519502993008,0.9999999999999999,0.04436492556713584,0.00014899316675311556
2009173N10132,2009-06-23 06:00:00,3,35,0.0,131.9301300048828,12,35,34.99999999999999,34.34261330742401,38.44465823627189,0.9999999999999999,0.04220019100467722,0.00014236684925609814
2009173N10132,2009-06-23 12:00:00,3,35,6.0,69.31138610839844,11,35,35.77052969638237,33.60823612994378,38.44465823627189,0.9999999999999999,0.04220019100467722,0.00014236684925609814
2009173N10132,2009-06-23 18:00:00,3,35,12.0,44.27284622192383,11,45,36.368700925746055,32.68660281908783,38.44465823627189,0.9999999999999999,0.04220019100467722,0.00014236684925609814
2009270N10148,2009-10-03 06:00:00,4,80,0.0,229.5474395751953,9,80,79.99999999999999,77.35415307766974,40.303627811744825,0.9999999999999999,0.044664782000984615,0.000144079527048239
2009270N10148,2009-10-03 12:00:00,4,80,6.0,316.6418762207031,8,75,70.66803513869384,70.81761721978394,40.303627811744825,0.9999999999999999,0.044664782000984615,0.000144079527048239
2009270N10148,2009-10-03 18:00:00,4,80,12.0,330.8673400878906,7,65,63.52986188533766,65.12099553264947,40.303627811744825,0.9999999999999999,0.044664782000984615,0.000144079527048239
2010191N12138,2010-07-13 12:00:00,4,60,0.0,51.93545913696289,12,60,59.99999999999999,59.551029816630795,40.303627811744825,0.9999999999999999,0.044664782000984615,0.000144079527048239
2010191N12138,2010-07-13 18:00:00,4,60,6.0,174.72645568847656,13,50,55.36970652420507,55.37741190985339,40.303627811744825,0.9999999999999999,0.044664782000984615,0.000144079527048239
2010191N12138,2010-07-14 00:00:00,4,60,12.0,166.24412536621094,14,55,51.82791896549337,52.338621934077366,40.303627811744825,0.9999999999999999,0.044664782000984615,0.000144079527048239
2011270N18139,2011-10-01 00:00:00,3,130,0.0,339.3005676269531,15,130,129.99999999999997,123.72033014069885,38.44465823627189,0.9999999999999999,0.04220019100467722,0.00014236684925609814
2011270N18139,2011-10-01 06:00:00,3,130,6.0,775.4442749023438,16,100,109.52014253589901,101.21231892053324,38.44465823627189,0.9999999999999999,0.04220019100467722,0.00014236684925609814
2011270N18139,2011-10-01 12:00:00,3,130,12.0,35.82477951049805,11,80,93.62138928341554,100.46496904291678,38.44465823627189,0.9999999999999999,0.04220019100467722,0.00014236684925609814
2011346N03156,2011-12-16 06:00:00,2,45,0.0,227.98997497558597,14,45,44.99999999999999,43.52581125115299,40.612790532504235,0.9999999999999999,0.04578723658679158,0.00014368943186158153
2011346N03156,2011-12-16 12:00:00,2,45,6.0,425.6829528808594,14,45,43.94611434757846,40.501697028514286,40.612790532504235,0.9999999999999999,0.04578723658679158,0.00014368943186158153
2011346N03156,2011-12-16 18:00:00,2,45,12.0,323.3424377441406,16,45,43.14539075103978,39.417606702834824,40.612790532504235,0.9999999999999999,0.04578723658679158,0.00014368943186158153
2012331N03157,2012-12-04 00:00:00,2,150,6.0,337.98248291015625,17,115,123.72324903327981,123.31725005640743,40.612790532504235,0.9999999999999999,0.04578723658679158,0.00014368943186158153
2012331N03157,2012-12-04 06:00:00,2,150,12.0,243.7562561035156,19,100,103.75864045256867,105.95007370453993,40.612790532504235,0.9999999999999999,0.04578723658679158,0.00014368943186158153
2012331N03157,2012-12-04 12:00:00,2,150,18.0,243.74285888671875,17,85,88.58988552218105,86.55228915899694,40.612790532504235,0.9999999999999999,0.04578723658679158,0.00014368943186158153
2013282N14132,2013-10-11 18:00:00,5,100,6.0,167.7857666015625,16,90,85.98585690207264,88.56051672460647,40.03519502993008,0.9999999999999999,0.04436492556713584,0.00014899316675311556
2014029N10143,2014-01-31 12:00:00,5,35,0.0,36.60952758789063,21,35,34.99999999999999,34.80909006929706,40.03519502993008,0.9999999999999999,0.04436492556713584,0.00014899316675311556
2014029N10143,2014-01-31 18:00:00,5,35,6.0,82.23180389404297,19,30,36.17675599396401,33.47608103391479,40.03519502993008,0.9999999999999999,0.04436492556713584,0.00014899316675311556
2014029N10143,2014-02-01 00:00:00,5,35,12.0,209.1360626220703,19,20,37.078496887003624,31.719205899897297,40.03519502993008,0.9999999999999999,0.04436492556713584,0.00014899316675311556
2014190N08154,2014-07-15 12:00:00,3,115,0.0,96.58966064453124,14,115,114.99999999999999,113.41861594948207,38.44465823627189,0.9999999999999999,0.04220019100467722,0.00014236684925609814
2014190N08154,2014-07-15 18:00:00,3,115,6.0,101.97504425048828,15,105,97.8754668243964,102.0336359499689,38.44465823627189,0.9999999999999999,0.04220019100467722,0.00014236684925609814
2014190N08154,2014-07-16 00:00:00,3,115,12.0,92.14398193359376,15,90,84.58149112167825,90.89778245869061,38.44465823627189,0.9999999999999999,0.04220019100467722,0.00014236684925609814
2014260N13135,2014-09-19 00:00:00,5,35,0.0,320.72735595703125,17,35,34.99999999999999,33.32748354500629,40.03519502993008,0.9999999999999999,0.04436492556713584,0.00014899316675311556
2014260N13135,2014-09-19 06:00:00,5,35,6.0,258.8190612792969,12,35,36.17675599396401,32.55522071990211,40.03519502993008,0.9999999999999999,0.04436492556713584,0.00014899316675311556
2014260N13135,2014-09-19 12:00:00,5,35,12.0,217.0589904785156,6,35,37.078496887003624,31.677889726002206,40.03519502993008,0.9999999999999999,0.04436492556713584,0.00014899316675311556
2014334N02156,2014-12-06 18:00:00,5,100,0.0,115.53060913085938,6,100,99.99999999999999,98.27867286886769,40.03519502993008,0.9999999999999999,0.04436492556713584,0.00014899316675311556
2014334N02156,2014-12-07 00:00:00,5,100,6.0,111.23189544677734,6,90,85.98585690207264,89.40313076015639,40.03519502993008,0.9999999999999999,0.04436492556713584,0.00014899316675311556
2014334N02156,2014-12-07 06:00:00,5,100,12.0,59.2070198059082,6,85,75.24690509122131,81.23867585213647,40.03519502993008,0.9999999999999999,0.04436492556713584,0.00014899316675311556
2014334N02156,2014-12-07 12:00:00,5,100,18.0,55.02195739746094,6,75,67.01771225439037,72.36144041707892,40.03519502993008,0.9999999999999999,0.04436492556713584,0.00014899316675311556
2014334N02156,2014-12-07 18:00:00,5,100,24.0,67.22527313232422,7,65,60.71173230974428,63.24002934626945,40.03519502993008,0.9999999999999999,0.04436492556713584,0.00014899316675311556
2014334N02156,2014-12-08 00:00:00,5,100,30.0,68.3875732421875,7,60,55.87949859609216,54.28312186367392,40.03519502993008,0.9999999999999999,0.04436492556713584,0.00014899316675311556
2014334N02156,2014-12-08 06:00:00,5,100,36.0,87.05522155761719,7,50,52.17658757063274,45.06539665465205,40.03519502993008,0.9999999999999999,0.04436492556713584,0.00014899316675311556
2014334N02156,2014-12-08 12:00:00,5,100,42.0,165.41673278808594,5,45,49.339069587234945,34.95827367848638,40.03519502993008,0.9999999999999999,0.04436492556713584,0.00014899316675311556
2014334N02156,2014-12-08 18:00:00,5,100,48.0,190.41368103027344,3,40,47.16469697856366,25.646246225522717,40.03519502993008,0.9999999999999999,0.04436492556713584,0.00014899316675311556
2014334N02156,2014-12-09 00:00:00,5,100,54.0,200.3285675048828,7,40,45.49848859891542,16.558931186950815,40.03519502993008,0.9999999999999999,0.04436492556713584,0.00014899316675311556
2014362N07130,2014-12-29 00:00:00,1,40,0.0,202.95753479003903,8,40,39.98833864697269,38.89683801844666,34.41551272915655,0.9997084661743173,0.03554207213302682,0.00013588581260293818
2014362N07130,2014-12-29 06:00:00,1,40,6.0,226.62384033203125,8,40,38.91808945476761,37.46369761106313,34.41551272915655,0.9997084661743173,0.03554207213302682,0.00013588581260293818
2014362N07130,2014-12-29 12:00:00,1,40,12.0,110.84674072265624,8,45,38.05337931049039,36.78849242052417,34.41551272915655,0.9997084661743173,0.03554207213302682,0.00013588581260293818
2014362N07130,2014-12-29 18:00:00,1,40,18.0,146.23712158203125,8,35,37.35473488350851,35.29162659307982,34.41551272915655,0.9997084661743173,0.03554207213302682,0.00013588581260293818
2014362N07130,2014-12-30 00:00:00,1,40,24.0,228.3702545166016,7,30,36.79026361116,33.54069369167404,34.41551272915655,0.9997084661743173,0.03554207213302682,0.00013588581260293818
2014362N07130,2014-12-30 06:00:00,1,40,30.0,204.15997314453125,4,30,36.334197828622784,32.367783240989425,34.41551272915655,0.9997084661743173,0.03554207213302682,0.00013588581260293818
2014362N07130,2014-12-30 12:00:00,1,40,36.0,181.7631683349609,3,25,35.965718495501186,31.185015760851527,34.41551272915655,0.9997084661743173,0.03554207213302682,0.00013588581260293818
2015012N09146,2015-01-17 12:00:00,4,55,0.0,100.72019958496094,8,55,54.99999999999999,54.2018554703777,40.303627811744825,0.9999999999999999,0.044664782000984615,0.000144079527048239
2015012N09146,2015-01-17 18:00:00,4,55,6.0,67.1766128540039,9,50,51.545124370582876,51.852623980595546,40.303627811744825,0.9999999999999999,0.044664782000984615,0.000144079527048239
2015012N09146,2015-01-18 00:00:00,4,55,12.0,104.15874481201172,10,40,48.902433235532285,48.944520320174014,40.303627811744825,0.9999999999999999,0.044664782000984615,0.000144079527048239
2015012N09146,2015-01-18 06:00:00,4,55,18.0,86.46583557128906,8,35,46.88099536500228,46.46968213400157,40.303627811744825,0.9999999999999999,0.044664782000984615,0.000144079527048239
2015012N09146,2015-01-18 12:00:00,4,55,24.0,30.498777389526367,10,30,45.33476432414525,44.29814261809706,40.303627811744825,0.9999999999999999,0.044664782000984615,0.000144079527048239
2015183N13130,2015-07-04 18:00:00,5,50,0.0,348.3785095214844,6,50,49.99999999999999,47.404699131883184,40.03519502993008,0.9999999999999999,0.04436492556713584,0.00014899316675311556
2015183N13130,2015-07-05 00:00:00,5,50,6.0,253.19308471679688,12,50,47.671163895835235,45.878900524105994,40.03519502993008,0.9999999999999999,0.04436492556713584,0.00014899316675311556
2015183N13130,2015-07-05 06:00:00,5,50,12.0,382.25,11,45,45.88659108797694,42.68257309783761,40.03519502993008,0.9999999999999999,0.04436492556713584,0.00014899316675311556
2015285N14151,2015-10-17 18:00:00,5,120,0.0,404.8571166992188,8,120,119.99999999999999,112.76148673205373,40.03519502993008,0.9999999999999999,0.04436492556713584,0.00014899316675311556
2015285N14151,2015-10-18 00:00:00,5,120,6.0,483.578125,5,105,101.31173410456762,98.48101004657674,40.03519502993008,0.9999999999999999,0.04436492556713584,0.00014899316675311556
2015285N14151,2015-10-18 06:00:00,5,120,12.0,591.5748291015625,5,90,86.99103069251906,83.67710792594863,40.03519502993008,0.9999999999999999,0.04436492556713584,0.00014899316675311556
2015285N14151,2015-10-18 12:00:00,5,120,18.0,658.382568359375,5,75,76.01716359519871,69.60963072220291,40.03519502993008,0.9999999999999999,0.04436492556713584,0.00014899316675311556
2015285N14151,2015-10-18 18:00:00,5,120,24.0,546.3902587890625,6,65,67.60795661669714,58.73895177731885,40.03519502993008,0.9999999999999999,0.04436492556713584,0.00014899316675311556
2015285N14151,2015-10-19 00:00:00,5,120,30.0,228.19293212890625,5,55,61.16403294055319,51.55504945202634,40.03519502993008,0.9999999999999999,0.04436492556713584,0.00014899316675311556
2015285N14151,2015-10-19 06:00:00,5,120,36.0,153.97116088867188,4,50,56.22609379241159,40.0090642532501,40.03519502993008,0.9999999999999999,0.04436492556713584,0.00014899316675311556
2016355N07146,2016-12-25 12:00:00,1,120,0.0,120.51303100585938,12,120,119.96501594091808,118.03487866230309,34.41551272915655,0.9997084661743173,0.03554207213302682,0.00013588581260293818
2016355N07146,2016-12-25 18:00:00,1,120,6.0,82.33155059814453,12,100,103.53541845192748,106.91694303239949,34.41551272915655,0.9997084661743173,0.03554207213302682,0.00013588581260293818
2016355N07146,2016-12-26 00:00:00,1,120,12.0,248.20819091796875,14,85,90.26108970812274,92.47157497610107,34.41551272915655,0.9997084661743173,0.03554207213302682,0.00013588581260293818
2016355N07146,2016-12-26 06:00:00,1,120,18.0,22.387317657470703,14,75,79.53606715558135,84.41334311109216,34.41551272915655,0.9997084661743173,0.03554207213302682,0.00013588581260293818
2017236N15129,2017-08-25 12:00:00,5,45,0.0,407.9729614257813,11,45,44.99999999999999,42.26466674373868,40.03519502993008,0.9999999999999999,0.04436492556713584,0.00014899316675311556
2017236N15129,2017-08-25 18:00:00,5,45,6.0,756.1826171875,15,35,43.83969459521149,38.11976109892054,40.03519502993008,0.9999999999999999,0.04436492556713584,0.00014899316675311556
2017354N08134,2017-12-21 18:00:00,1,50,0.0,305.7061462402344,11,50,49.985423308715866,47.92294359502166,34.41551272915655,0.9997084661743173,0.03554207213302682,0.00013588581260293818
2017354N08134,2017-12-22 00:00:00,1,50,6.0,464.1836853027344,15,45,46.9952555794126,44.8079139472365,34.41551272915655,0.9997084661743173,0.03554207213302682,0.00013588581260293818
2017354N08134,2017-12-22 06:00:00,1,50,12.0,392.4317321777344,16,40,44.57934311019443,43.25713038100435,34.41551272915655,0.9997084661743173,0.03554207213302682,0.00013588581260293818
2017354N08134,2017-12-22 12:00:00,1,50,18.0,162.25082397460938,12,45,42.62740141751762,42.78275917980348,34.41551272915655,0.9997084661743173,0.03554207213302682,0.00013588581260293818
2018294N08161,2018-10-30 00:00:00,2,105,6.0,481.10150146484375,13,90,89.53304845369351,88.23637793396648,40.612790532504235,0.9999999999999999,0.04578723658679158,0.00014368943186158153
2018294N08161,2018-10-30 06:00:00,2,105,12.0,499.7229919433594,12,75,77.78153343762773,78.45037232065911,40.612790532504235,0.9999999999999999,0.04578723658679158,0.00014368943186158153
2019314N14136,2019-11-19 18:00:00,4,65,0.0,142.3317413330078,11,65,64.99999999999999,63.66703915161121,40.303627811744825,0.9999999999999999,0.044664782000984615,0.000144079527048239
2019314N14136,2019-11-20 00:00:00,4,65,6.0,441.7962036132813,12,45,59.19428867782726,57.21008776488705,40.303627811744825,0.9999999999999999,0.044664782000984615,0.000144079527048239
2019314N14136,2019-11-20 06:00:00,4,65,12.0,723.9954223632812,13,35,54.753404695454435,50.91482830610683,40.303627811744825,0.9999999999999999,0.044664782000984615,0.000144079527048239
2019314N14136,2019-11-20 12:00:00,4,65,18.0,215.6939239501953,12,30,51.35649957039648,52.02274186223643,40.303627811744825,0.9999999999999999,0.044664782000984615,0.000144079527048239
2019329N09160,2019-12-02 12:00:00,4,120,0.0,64.50424194335938,11,120,120.0,118.88475111938347,40.303627811744825,0.9999999999999999,0.044664782000984615,0.000144079527048239
2019329N09160,2019-12-02 18:00:00,4,120,6.0,90.01007080078125,12,115,101.26469236767139,105.99529585136554,40.303627811744825,0.9999999999999999,0.044664782000984615,0.000144079527048239
2019329N09160,2019-12-03 00:00:00,4,120,12.0,70.00040435791016,12,105,86.93374772502627,93.89278270769552,40.303627811744825,0.9999999999999999,0.044664782000984615,0.000144079527048239
2019329N09160,2019-12-03 06:00:00,4,120,18.0,318.1656799316406,11,90,75.97177270006463,77.15364730659259,40.303627811744825,0.9999999999999999,0.044664782000984615,0.000144079527048239
2019329N09160,2019-12-03 12:00:00,4,120,24.0,113.28622436523438,11,80,67.58677789028056,68.24744837681376,40.303627811744825,0.9999999999999999,0.044664782000984615,0.000144079527048239
2019354N05151,2019-12-24 12:00:00,3,85,6.0,129.5556640625,15,90,74.58611540139114,77.26062039060008,38.44465823627189,0.9999999999999999,0.04220019100467722,0.00014236684925609814
2019354N05151,2019-12-24 18:00:00,3,85,12.0,34.91303634643555,13,95,66.50169479820367,72.23430515597481,38.44465823627189,0.9999999999999999,0.04220019100467722,0.00014236684925609814
2020129N07134,2020-05-14 06:00:00,2,100,0.0,112.3281021118164,8,100,99.99999999999999,98.38596388254633,40.612790532504235,0.9999999999999999,0.04578723658679158,0.00014368943186158153
2020129N07134,2020-05-14 12:00:00,2,100,6.0,85.55172729492188,9,85,85.73413727818394,90.14934617932668,40.612790532504235,0.9999999999999999,0.04578723658679158,0.00014368943186158153
2020129N07134,2020-05-14 18:00:00,2,100,12.0,63.009159088134766,10,65,74.8951882137454,81.85189314946521,40.612790532504235,0.9999999999999999,0.04578723658679158,0.00014368943186158153
2020129N07134,2020-05-15 00:00:00,2,100,18.0,64.20100402832031,10,65,66.65994726741044,73.21340168553807,40.612790532504235,0.9999999999999999,0.04578723658679158,0.00014368943186158153
2020129N07134,2020-05-15 06:00:00,2,100,24.0,100.95440673828124,11,60,60.402957494601246,64.06392821840576,40.612790532504235,0.9999999999999999,0.04578723658679158,0.00014368943186158153
2020129N07134,2020-05-15 12:00:00,2,100,30.0,178.46615600585938,12,55,55.64900782000643,54.32880038522531,40.612790532504235,0.9999999999999999,0.04578723658679158,0.00014368943186158153
2020129N07134,2020-05-15 18:00:00,2,100,36.0,482.7492370605469,15,40,52.03704131068075,41.33520816934646,40.612790532504235,0.9999999999999999,0.04578723658679158,0.00014368943186158153
2020129N07134,2020-05-16 00:00:00,2,100,42.0,206.196044921875,13,40,49.29273332311201,36.68761936344282,40.612790532504235,0.9999999999999999,0.04578723658679158,0.00014368943186158153
2020291N06141,2020-10-20 12:00:00,2,45,0.0,430.8296813964844,15,45,44.99999999999999,42.214244753296484,40.612790532504235,0.9999999999999999,0.04578723658679158,0.00014368943186158153
2020291N06141,2020-10-20 18:00:00,2,45,6.0,238.72938537597656,15,40,43.94611434757846,41.71054336398154,40.612790532504235,0.9999999999999999,0.04578723658679158,0.00014368943186158153
2020296N09137,2020-10-25 12:00:00,4,70,0.0,100.7378387451172,15,70,69.99999999999999,68.98400178864192,40.303627811744825,0.9999999999999999,0.044664782000984615,0.000144079527048239
2020296N09137,2020-10-25 18:00:00,4,70,6.0,114.36447143554688,13,75,63.01887083144945,64.61063137789289,40.303627811744825,0.9999999999999999,0.044664782000984615,0.000144079527048239
2020296N09137,2020-10-26 00:00:00,4,70,12.0,345.4927673339844,15,80,57.67889042541551,58.0436333934388,40.303627811744825,0.9999999999999999,0.044664782000984615,0.000144079527048239
2020299N11144,2020-11-01 00:00:00,1,170,6.0,104.15874481201172,14,130,143.92124907515242,144.03127182930854,34.41551272915655,0.9997084661743173,0.03554207213302682,0.00013588581260293818
2020299N11144,2020-11-01 06:00:00,1,170,12.0,78.08364868164062,12,75,122.89090870664293,121.07102198044284,34.41551272915655,0.9997084661743173,0.03554207213302682,0.00013588581260293818
2020299N11144,2020-11-01 12:00:00,1,170,18.0,139.16244506835938,12,60,105.89939982562686,96.09746595552419,34.41551272915655,0.9997084661743173,0.03554207213302682,0.00013588581260293818
2020299N11144,2020-11-01 18:00:00,1,170,24.0,148.56900024414062,13,50,92.17107356011573,72.31756909321928,34.41551272915655,0.9997084661743173,0.03554207213302682,0.00013588581260293818
2021248N11131,2021-09-06 12:00:00,2,60,0.0,54.00884246826172,11,60,59.99999999999999,59.534370006614026,40.612790532504235,0.9999999999999999,0.04578723658679158,0.00014368943186158153
2021248N11131,2021-09-06 18:00:00,2,60,6.0,130.40452575683594,10,60,55.34284787410722,55.77204313869912,40.612790532504235,0.9999999999999999,0.04578723658679158,0.00014368943186158153
2021248N11131,2021-09-07 00:00:00,2,60,12.0,60.07422256469727,8,55,51.80442642268677,53.27469468898882,40.612790532504235,0.9999999999999999,0.04578723658679158,0.00014368943186158153
2021248N11131,2021-09-07 06:00:00,2,60,18.0,43.31710052490234,9,50,49.11599666359396,50.31547224151066,40.612790532504235,0.9999999999999999,0.04578723658679158,0.00014368943186158153
2022299N11134,2022-10-28 18:00:00,5,55,0.0,115.7716293334961,15,55,54.99999999999999,54.0512950078989,40.03519502993008,0.9999999999999999,0.04436492556713584,0.00014899316675311556
2022299N11134,2022-10-29 00:00:00,5,55,6.0,84.47084045410156,11,55,51.50263319645897,51.603567232465494,40.03519502993008,0.9999999999999999,0.04436492556713584,0.00014899316675311556
2022299N11134,2022-10-29 06:00:00,5,55,12.0,115.0110321044922,7,55,48.82262248830138,48.64907586319832,40.03519502993008,0.9999999999999999,0.04436492556713584,0.00014899316675311556
2022299N11134,2022-10-29 12:00:00,5,55,18.0,181.2284393310547,13,45,46.768946737571625,45.40222312080163,40.03519502993008,0.9999999999999999,0.04436492556713584,0.00014899316675311556
2022299N11134,2022-10-29 18:00:00,5,55,24.0,215.3639068603516,14,40,45.195227619100336,42.41826981691423,40.03519502993008,0.9999999999999999,0.04436492556713584,0.00014899316675311556
