radius_km,N,KD95_RMSE,C11_RMSE,dRMSE,low_N_fixed,low_C11bias_fixed,low_KD95bias_fixed,med_N_fixed,med_C11bias_fixed,med_KD95bias_fixed,high_N_fixed,high_C11bias_fixed,high_KD95bias_fixed,low_N_self,low_C11bias_self,low_KD95bias_self,med_N_self,med_C11bias_self,med_KD95bias_self,high_N_self,high_C11bias_self,high_KD95bias_self
25,411,9.566179944661474,9.155745703877075,0.41043424078439905,135,-1.6831115826317404,-2.491553564081984,180,-1.0725959645003116,-0.5751441249345842,96,1.5299518558222485,3.3398320269219552,241,-0.561531986163047,-1.3321639170511026,106,0.07689513055868635,0.4522347786991692,64,-2.28490053563018,2.4039502876940397
50,453,9.861877661531393,9.360023416092156,0.5018542454392367,153,-0.8566659747899924,-1.7455976798154809,200,-1.6969375553555972,-0.8847297773175553,100,0.42653189825673216,2.9508221231940444,192,-0.7383790215075784,-1.510266332995692,182,-1.3184479375645664,-0.479665117259298,79,-0.5832647926849233,2.8902531534239237
60,453,9.861877661531393,9.296606616190894,0.5652710453404985,153,-0.840567034216836,-1.7455976798154809,200,-1.7321308382762146,-0.8847297773175553,100,0.20964942298862674,2.9508221231940444,166,-0.8880463575260834,-2.033792384095329,202,-1.3603287484722313,-0.243959784282874,85,-0.37489269471571246,2.7994026356363544
70,453,9.861877661531393,9.24369071742569,0.6181869441057035,153,-0.8507316224810663,-1.7455976798154809,200,-1.774059707021483,-0.8847297773175553,100,0.1458609465015151,2.9508221231940444,159,-0.9644164381797331,-2.0432694906924858,199,-1.505551996033659,-0.4224436628056526,95,-0.18358656960497408,2.7369047343426844
75,453,9.861877661531393,9.223430244657056,0.638447416874337,153,-0.8612914067854567,-1.7455976798154809,200,-1.7902674134230276,-0.8847297773175553,100,0.17336660358953737,2.9508221231940444,153,-0.8612914067854567,-1.7455976798154809,200,-1.7902674134230276,-0.8847297773175553,100,0.17336660358953737,2.9508221231940444
80,453,9.861877661531393,9.211151850458421,0.6507258110729719,153,-0.8827948029058129,-1.7455976798154809,200,-1.8064263477710676,-0.8847297773175553,100,0.2201088610112963,2.9508221231940444,149,-0.9204200926673497,-1.8422439396930017,203,-1.7399937176461007,-0.8466936364288802,101,0.15860722962297247,2.944880861915294
85,453,9.861877661531393,9.19917711821854,0.6627005433128534,153,-0.9110541246142662,-1.7455976798154809,200,-1.8278044849166293,-0.8847297773175553,100,0.2807409159792881,2.9508221231940444,143,-1.2129105178232344,-2.1185474751803643,206,-1.7830750202940255,-0.9999780630878365,104,0.6142458824799224,3.4616113633751087
90,453,9.861877661531393,9.190550918348645,0.6713267431827479,153,-0.9402731192080851,-1.7455976798154809,200,-1.8535540930365022,-0.8847297773175553,100,0.34235381629455114,2.9508221231940444,136,-1.3689091553533765,-2.1797850107277563,209,-1.7246360429344019,-1.0701296140728986,108,0.6137347581913601,3.4367376170771817
95,453,9.861877661531393,9.181168231375178,0.6807094301562149,153,-0.9711569015988383,-1.7455976798154809,200,-1.8770964195743454,-0.8847297773175553,100,0.4153915730135338,2.9508221231940444,133,-1.3756465056727107,-2.2763651745217715,208,-1.721001415796158,-1.0490267992058155,112,0.5219834569815486,3.3215531633065187
100,453,9.861877661531393,9.17383967923208,0.6880379822993135,153,-1.0044051728364767,-1.7455976798154809,200,-1.89619952574227,-0.8847297773175553,100,0.4964583707118147,2.9508221231940444,131,-1.2307957523745614,-2.1347598478944545,211,-2.0990696409769356,-1.4220455538646462,111,1.0889178223959242,3.8807654394931417
110,453,9.861877661531393,9.173159060230414,0.6887186013009785,153,-1.0653381364678272,-1.7455976798154809,200,-1.9313804880750147,-0.8847297773175553,100,0.6623159582578783,2.9508221231940444,125,-1.0836323679418352,-1.942370575802054,210,-2.000589527454313,-1.3769627625112737,118,0.6147170346554433,3.2459179148029587
125,453,9.861877661531393,9.18151731051833,0.6803603510130625,153,-1.1561853649183145,-1.7455976798154809,200,-1.9749239122653426,-0.8847297773175553,100,0.852134197987749,2.9508221231940444,115,-1.5943208442348187,-2.4187528221161476,213,-1.9259671452618907,-1.4097814490299883,125,0.855281404327928,3.435998680246955
150,453,9.861877661531393,9.190317757824888,0.6715599037065054,153,-1.2731053712806968,-1.7455976798154809,200,-2.0412876474994714,-0.8847297773175553,100,0.993299382645277,2.9508221231940444,117,-1.863363261439826,-2.431268073018816,194,-1.7995621109072637,-1.5135253165392664,142,0.4465904088954616,3.0221273788446763
200,453,9.861877661531393,9.278634551612777,0.5832431099186159,153,-1.3862805390878372,-1.7455976798154809,200,-2.095239138860053,-0.8847297773175553,100,0.9839286857515099,2.9508221231940444,86,-1.8066897687098573,-2.136179790794473,209,-2.0861403852566434,-2.014187546830941,158,0.37103024652143923,2.8844080451906104
