radius_km,n_pts,KD95_RMSE,C11_RMSE,improve,coeff_a,plateau_start_km
25,411,9.566179944661474,9.155745703877075,0.41043424078439905,0.00014329585923764476,90
50,453,9.861877661531393,9.360023416092156,0.5018542454392367,0.00014463674225866026,90
60,453,9.861877661531393,9.296606616190894,0.5652710453404985,0.00014387225308945856,90
70,453,9.861877661531393,9.24369071742569,0.6181869441057035,0.00014333836013460705,90
75,453,9.861877661531393,9.223430244657056,0.638447416874337,0.0001430029575043945,90
80,453,9.861877661531393,9.211151850458421,0.6507258110729719,0.00014272418834350187,90
85,453,9.861877661531393,9.19917711821854,0.6627005433128534,0.00014244531415213572,90
90,453,9.861877661531393,9.190550918348645,0.6713267431827479,0.00014216862666737787,90
95,453,9.861877661531393,9.181168231375178,0.6807094301562149,0.00014183922402610506,90
100,453,9.861877661531393,9.17383967923208,0.6880379822993135,0.00014149959306735573,90
110,453,9.861877661531393,9.173159060230414,0.6887186013009785,0.00014089488580996715,90
125,453,9.861877661531393,9.18151731051833,0.6803603510130625,0.0001402449758815785,90
150,453,9.861877661531393,9.190317757824888,0.6715599037065054,0.00014004587643128783,90
200,453,9.861877661531393,9.278634551612777,0.5832431099186159,0.00013996928258056912,90
